motif	healthy_count	healthy_pct	cancer_count	cancer_pct	total_count	diff_pct	log2fc	abs_log2fc	end
GGGGG	36233319	1.2938567022663683	7922597	0.24308588602086315	44155916	-1.0507708162455052	-2.41213498878045	2.41213498878045	3prime
TCGAG	65311	0.0023321925071705073	51731	0.0015872416544404913	117042	-0.000744950852730016	-0.554874907804617	0.554874907804617	3prime
CCGAG	104468	0.0037304510241626763	84465	0.0025916059295647887	188933	-0.0011388450945978876	-0.52533381430385	0.52533381430385	3prime
ACGAG	64964	0.0023198014735010155	53095	0.0016290927227874561	118059	-0.0006907087507135594	-0.5096690865911497	0.5096690865911497	3prime
GCGAG	79805	0.0028497591988293296	65472	0.002008851280654305	145277	-0.0008409079181750248	-0.5042574283698855	0.5042574283698855	3prime
TCCAG	534685	0.01909308310539515	441792	0.013555327849811014	976477	-0.005537755255584137	-0.4941592107804973	0.4941592107804973	3prime
CCCAG	638217	0.022790110476777873	527608	0.01618838597390421	1165825	-0.006601724502873663	-0.4934229517801328	0.4934229517801328	3prime
CGGAG	85891	0.0030670843599605283	71210	0.0021849080476446883	157101	-0.00088217631231584	-0.4891054377767555	0.4891054377767555	3prime
TCGGA	177597	0.0063418167337195965	149631	0.004591068334182311	327228	-0.001750748399537285	-0.4659795474431133	0.4659795474431133	3prime
CTCAG	630781	0.022524578124137124	533012	0.016354194752017843	1163793	-0.006170383372119281	-0.46181519497571294	0.46181519497571294	3prime
CTGAG	561438	0.02004840680499143	483731	0.014842125471074467	1045169	-0.005206281333916962	-0.43376464499773054	0.43376464499773054	3prime
CGAAG	72681	0.0025953680637818993	62794	0.0019266832740317452	135475	-0.0006686847897501541	-0.42962688520234643	0.42962688520234643	3prime
ACCAG	383716	0.013702126442428355	331996	0.01018650094348892	715712	-0.0035156254989394346	-0.42770489646420934	0.42770489646420934	3prime
GCCAG	428324	0.015295034886026862	375828	0.01153138072925443	804152	-0.003763654156772432	-0.4074673470532761	0.4074673470532761	3prime
CCAAG	413030	0.014748900969769788	365308	0.011208599762238251	778338	-0.0035403012075315363	-0.39597050054675625	0.39597050054675625	3prime
TACAG	478323	0.017080450714386835	423824	0.013004022867363607	902147	-0.004076427847023228	-0.39336157109090225	0.39336157109090225	3prime
TCTAG	329613	0.011770160751879354	292508	0.008974906378324007	622121	-0.002795254373555347	-0.39112705791859403	0.39112705791859403	3prime
CGCAG	86697	0.0030958658387432664	77054	0.0023642171703863756	163751	-0.0007316486683568908	-0.3888362289203844	0.3888362289203844	3prime
ATTAG	397683	0.01420087447488308	353693	0.010852221346659075	751376	-0.0033486531282240044	-0.3879580476992306	0.3879580476992306	3prime
TTGAG	496202	0.017718892475127007	443273	0.013600768782524983	939475	-0.004118123692602024	-0.38157557695886996	0.38157557695886996	3prime
GTTAG	233209	0.008327667351667052	209684	0.006433650597701571	442893	-0.0018940167539654804	-0.37222386012842346	0.37222386012842346	3prime
TTCAG	622776	0.022238727333000873	560847	0.01720824496274934	1183623	-0.005030482370251534	-0.3699552981515749	0.3699552981515749	3prime
CAAAG	653609	0.02333974387804823	589014	0.018072481797154732	1242623	-0.0052672620808934985	-0.36897607753871675	0.36897607753871675	3prime
TTTAG	554046	0.019784445649703587	499629	0.015329917468567168	1053675	-0.004454528181136419	-0.3679955244031621	0.3679955244031621	3prime
AGGAG	702397	0.0250819160701726	633543	0.019438747356115137	1335940	-0.005643168714057463	-0.3676956121746254	0.3676956121746254	3prime
GGGAG	646572	0.023088459428675864	584465	0.01793290664326152	1231037	-0.005155552785414345	-0.3645446042983566	0.3645446042983566	3prime
ATGAG	472756	0.01688165854021375	427412	0.013114112041285096	900168	-0.0037675464989286537	-0.36431197303660445	0.36431197303660445	3prime
GGAAG	688680	0.02459209529540483	623186	0.019120967653131624	1311866	-0.005471127642273206	-0.36302233997658767	0.36302233997658767	3prime
GTCAG	357368	0.012761264900284942	324134	0.009945274331066753	681502	-0.002815990569218189	-0.35965625658955835	0.35965625658955835	3prime
GTGAG	572496	0.02044327726700076	520251	0.01596265407520288	1092747	-0.004480623191797883	-0.35690614074978694	0.35690614074978694	3prime
TTAAG	450071	0.01607159917769958	411127	0.012614445877039991	861198	-0.0034571533006595885	-0.34941205561393435	0.34941205561393435	3prime
CTAAG	293975	0.010497562314088743	269058	0.00825539937485163	563033	-0.0022421629392371124	-0.3466071140414659	0.3466071140414659	3prime
ATAAG	384402	0.013726622837521359	353430	0.010844151822483671	737832	-0.0028824710150376874	-0.3400315712648994	0.3400315712648994	3prime
TGCAG	662696	0.02366423184045362	609708	0.01870742755109321	1272404	-0.004956804289360409	-0.3390807510253951	0.3390807510253951	3prime
TAAAG	580972	0.020745947011619238	534701	0.016406017665828714	1115673	-0.004339929345790524	-0.33858603296160666	0.33858603296160666	3prime
GTAAG	273795	0.009776954073597847	252082	0.0077345315330201985	525877	-0.002042422540577649	-0.3380322018653996	0.3380322018653996	3prime
TCAAG	530664	0.01894949709275819	488601	0.014991549740025874	1019265	-0.003957947352732315	-0.33798993323087917	0.33798993323087917	3prime
TGGAG	628315	0.022436519654313015	580665	0.017816312757837426	1208980	-0.00462020689647559	-0.3326334395131919	0.3326334395131919	3prime
CCTAG	280480	0.010015668944146988	259236	0.007954034863631772	539716	-0.0020616340805152157	-0.3324626598202797	0.3324626598202797	3prime
ACAAG	417747	0.014917340467807228	386112	0.011846920602333746	803859	-0.0030704198654734824	-0.3324531798814051	0.3324531798814051	3prime
AAAAG	1166754	0.041663654461135465	1079069	0.03310864403965604	2245823	-0.008555010421479423	-0.3315725149299861	0.3315725149299861	3prime
TAGAG	426159	0.015217724834457843	394244	0.012096431517141308	820403	-0.003121293317316535	-0.33114670934500523	0.33114670934500523	3prime
CTTAG	310357	0.011082547655799439	287999	0.00883655852848789	598356	-0.0022459891273115488	-0.3266999679430832	0.3266999679430832	3prime
TATAG	325504	0.011623432344536585	302753	0.009289249629947654	628257	-0.0023341827145889303	-0.3233709992654861	0.3233709992654861	3prime
CGTAG	48686	0.0017385298709880928	45637	0.0014002618813419554	94323	-0.00033826798964613734	-0.3119708472107135	0.3119708472107135	3prime
ACTAG	256870	0.00917257872819109	240912	0.0073918068750762145	497782	-0.0017807718531148752	-0.3113624312766635	0.3113624312766635	3prime
TGAAG	602463	0.021513369791420517	568922	0.01745600696927554	1171385	-0.0040573628221449755	-0.3014943529510479	0.3014943529510479	3prime
AATAG	482747	0.017238427466415164	456010	0.013991573076905692	938757	-0.003246854389509472	-0.301050579999919	0.301050579999919	3prime
CAGAG	790388	0.028223989394703542	748193	0.022956507609765798	1538581	-0.005267481784937744	-0.29800701511932687	0.29800701511932687	3prime
GCAAG	425832	0.015206047981403308	405609	0.012445139282363637	831441	-0.002760908699039671	-0.28904182541920226	0.28904182541920226	3prime
GAAAG	831499	0.029692023357776938	793960	0.024360758229293313	1625459	-0.005331265128483625	-0.285505737956788	0.285505737956788	3prime
GCTAG	232369	0.008297671765838888	221942	0.0068097579259985596	454311	-0.0014879138398403288	-0.2850650905358384	0.2850650905358384	3prime
AAGAG	812007	0.028995982930440537	775685	0.023800033688207697	1587692	-0.00519594924223284	-0.28487856723513727	0.28487856723513727	3prime
ATCAG	473459	0.016906761988829466	457318	0.014031705919572722	930777	-0.0028750560692567435	-0.2688924788175067	0.2688924788175067	3prime
AGAAG	793104	0.028320975122214605	768142	0.02356859482564087	1561246	-0.004752380296573735	-0.2649949217394805	0.2649949217394805	3prime
GGCAG	724000	0.025853338261417638	702569	0.021556644602242398	1426569	-0.004296693659175239	-0.2622068224885087	0.2622068224885087	3prime
AGCAG	653561	0.023338029844572335	636918	0.01954230113593259	1290479	-0.003795728708639746	-0.2560704132395734	0.2560704132395734	3prime
CGGAA	222708	0.007952686819784253	217309	0.006667605433585445	440017	-0.0012850813861988077	-0.2542386658713883	0.2542386658713883	3prime
ATCGG	432257	0.015435478503958015	423651	0.012998714777316667	855908	-0.0024367637266413476	-0.24786370083992304	0.24786370083992304	3prime
CGCCA	150266	0.005365853214351081	149191	0.004577567989554258	299457	-0.0007882852247968223	-0.22917998429749023	0.22917998429749023	3prime
AACAG	666276	0.023792070170530796	663467	0.02035689352122846	1329743	-0.0034351766493023357	-0.22495315374070832	0.22495315374070832	3prime
TGTAG	527379	0.018832192926751617	525334	0.01611861373825832	1052713	-0.002713579188493298	-0.22446043705925528	0.22446043705925528	3prime
CACAG	796474	0.02844131455583474	797684	0.02447502023700893	1594158	-0.003966294318825812	-0.21666987509314695	0.21666987509314695	3prime
GATAG	311363	0.011118470940731739	312159	0.009577850178973715	623522	-0.0015406207617580242	-0.21516375294206602	0.21516375294206602	3prime
GGTAG	314085	0.011215670922427291	316915	0.0097237766313624	631000	-0.0014918942910648915	-0.2059075331995015	0.2059075331995015	3prime
CATAG	381903	0.013637385969682569	387837	0.011899848089795998	769740	-0.0017375378798865707	-0.19660853126033928	0.19660853126033928	3prime
TTCGA	210854	0.00752939196929966	216143	0.0066318295203211045	426997	-0.0008975624489785559	-0.18310051588594212	0.18310051588594212	3prime
TCGAA	201078	0.007180300484709028	206413	0.0063332878084325665	407491	-0.0008470126762764613	-0.1810627099768446	0.1810627099768446	3prime
CGGGG	1291751	0.04612717617752002	1331000	0.0408385424998607	2622751	-0.0052886336776593185	-0.17568154736081398	0.17568154736081398	3prime
CGACA	117655	0.0042013460126341055	121903	0.003740301161803545	239558	-0.0004610448508305604	-0.16765485295656768	0.16765485295656768	3prime
CGCGA	30833	0.0011010165450473619	31973	0.0009810148154380512	62806	-0.00012000172960931069	-0.16632918843705097	0.16632918843705097	3prime
ACGCA	138879	0.004959234481225718	144411	0.004430905154731318	283290	-0.0005283293264944002	-0.16248131437088975	0.16248131437088975	3prime
GACAG	725389	0.02590293810512635	759438	0.023301533462816836	1484827	-0.0026014046423095127	-0.1526846296655574	0.1526846296655574	3prime
CGTCA	131881	0.004709342684052513	138362	0.004245306098697014	270243	-0.0004640365853554986	-0.14962364882026327	0.14962364882026327	3prime
TTCCA	1795111	0.06410167389473988	1883426	0.05778840927598996	3678537	-0.006313264618749918	-0.1495794140416185	0.1495794140416185	3prime
TCGCA	118305	0.004224556882620184	124151	0.003809275649812326	242456	-0.0004152812328078585	-0.14924611396892606	0.14924611396892606	3prime
CGGTA	104061	0.003715917448648316	109259	0.0033523503493555827	213320	-0.0003635670992927333	-0.14850342679032633	0.14850342679032633	3prime
GCCGA	138824	0.004957270484534588	146263	0.00448772933257485	285087	-0.0004695411519597386	-0.14352987043699364	0.14352987043699364	3prime
GCGGA	149849	0.005350962548529243	158080	0.004850305633642358	307929	-0.0005006569148868845	-0.14169494786008915	0.14169494786008915	3prime
AGCGA	188884	0.006744864563770179	199582	0.006123694958082042	388466	-0.0006211696056881363	-0.13936536163584984	0.13936536163584984	3prime
CGGCA	138652	0.004951128531245965	147379	0.004521971115767821	286031	-0.00042915741547814353	-0.1307779770473254	0.1307779770473254	3prime
GCACA	1005393	0.03590160955063738	1068842	0.032794853074858084	2074235	-0.003106756475779293	-0.1305753064733894	0.1305753064733894	3prime
GAGAG	1282681	0.04580329526863734	1366211	0.04191890757872065	2648892	-0.0038843876899166893	-0.12784735632184477	0.12784735632184477	3prime
TTTCA	2308519	0.08243497595291378	2462568	0.07555799243185346	4771087	-0.006876983521060323	-0.1256706188499442	0.1256706188499442	3prime
CCGCA	136640	0.004879281961381362	145897	0.004476499500452424	282537	-0.00040278246092893735	-0.12427123156385293	0.12427123156385293	3prime
GCGCA	119689	0.004273978181175159	128012	0.003927741173923492	247701	-0.00034623700725166726	-0.12184993077115014	0.12184993077115014	3prime
CGTTA	132477	0.004730625266378211	141717	0.0043482462264859195	274194	-0.00038237903989229126	-0.12157043286499737	0.12157043286499737	3prime
CTCCA	1295391	0.04625715704944206	1386860	0.0425524726155949	2682251	-0.0037046844338471593	-0.12043092016876375	0.12043092016876375	3prime
CATCA	1239339	0.044255594457965564	1327957	0.04074517534371714	2567296	-0.003510419114248424	-0.11922779357798463	0.11922779357798463	3prime
CGAGA	257693	0.009201967260496541	276289	0.008477265265773113	533982	-0.0007247019947234281	-0.1183299903794658	0.1183299903794658	3prime
CACCA	1178704	0.04209037737857184	1264451	0.03879664605746909	2443155	-0.0032937313211027497	-0.1175555970927915	0.1175555970927915	3prime
TCGTA	114872	0.004101967780062938	123790	0.0037981992306970365	238662	-0.00030376854936590113	-0.11097245584956311	0.11097245584956311	3prime
CGAAA	211679	0.007558851919666607	228251	0.007003334458403985	439930	-0.000555517461262622	-0.11011000120336503	0.11011000120336503	3prime
TGTCA	1089878	0.03891848701336648	1175344	0.03606261149207834	2265222	-0.0028558755212881454	-0.10994881572596103	0.10994881572596103	3prime
GCCCA	875203	0.031252650837579415	944841	0.028990179815259864	1820044	-0.002262471022319551	-0.10841067935484718	0.10841067935484718	3prime
TCTCA	1662684	0.059372834079899066	1797338	0.055147005484308516	3460022	-0.00422582859559055	-0.106518569110846	0.106518569110846	3prime
TATCA	1145687	0.04091137231037126	1241113	0.03808057550535659	2386800	-0.0028307968050146695	-0.10344402770305965	0.10344402770305965	3prime
ATCCA	1085526	0.03876308131155199	1176585	0.03610068860044974	2262111	-0.002662392711102253	-0.10265415569719918	0.10265415569719918	3prime
AGTCA	1067169	0.03810757063411436	1158222	0.035537263990438515	2225391	-0.002570306643675843	-0.10074228811120942	0.10074228811120942	3prime
AATCA	1733595	0.06190499715925733	1883915	0.05780341306808796	3617510	-0.004101584091169376	-0.09889953842140192	0.09889953842140192	3prime
GGACA	864075	0.030855280743417743	942425	0.028916050650211283	1806500	-0.00193923009320646	-0.09364376303869656	0.09364376303869656	3prime
ACCCA	1045238	0.037324435880784046	1140429	0.0349913284632409	2185667	-0.002333107417543147	-0.09312044029353667	0.09312044029353667	3prime
TTACA	1466898	0.05238150578590747	1601483	0.04913766458174636	3068381	-0.003243841204161116	-0.0922264237579689	0.0922264237579689	3prime
ACACA	1686669	0.06022931518238539	1842550	0.056534227260043826	3529219	-0.003695087922341564	-0.09133971342154402	0.09133971342154402	3prime
TTGCA	1282813	0.04580800886069605	1401566	0.04300369095218615	2684379	-0.002804317908509907	-0.09113731096275278	0.09113731096275278	3prime
GATCA	876800	0.031309678159683677	958060	0.029395773123528583	1834860	-0.0019139050361550933	-0.09099695674832044	0.09099695674832044	3prime
CCGAA	148801	0.005313539484305533	162615	0.004989451231115588	311416	-0.00032408825318994486	-0.09077441634187207	0.09077441634187207	3prime
ACTCA	1239009	0.044243810477818786	1354080	0.04154669694080494	2593089	-0.002697113537013844	-0.09073974165740847	0.09073974165740847	3prime
CGATA	128649	0.004593931096675576	140615	0.004314433999712932	269264	-0.0002794970969626446	-0.09053757035605837	0.09053757035605837	3prime
GATTA	1035302	0.03696963095127376	1131688	0.034723131844164055	2166990	-0.002246499107109702	-0.09044104007936994	0.09044104007936994	3prime
AGCCG	1271487	0.04540356837844631	1575316	0.04833479295019576	2846803	0.0029312245717494495	0.09025444779424194	0.09025444779424194	3prime
AGGCA	1436394	0.05129223751197614	1571111	0.04820577261119357	3007505	-0.0030864649007825706	-0.08953278763549824	0.08953278763549824	3prime
TCCCA	1598284	0.05707317249973982	1749057	0.05366561880479252	3347341	-0.003407553694947295	-0.08881304156751439	0.08881304156751439	3prime
CAACA	1390356	0.04964826515440826	1521806	0.04669296694781594	2912162	-0.0029552982065923217	-0.08853620511033529	0.08853620511033529	3prime
TTTTA	4060681	0.1450029826860658	4445720	0.13640625481779164	8506401	-0.008596727868274145	-0.0881721497962222	0.0881721497962222	3prime
GTGCA	906082	0.03235530999804118	992438	0.030450579595399516	1898520	-0.0019047304026416668	-0.08753002219239414	0.08753002219239414	3prime
AAACA	2956773	0.10558349797130746	3238702	0.09937180260810206	6195475	-0.0062116953632053995	-0.0874750732198765	0.0874750732198765	3prime
GGTCA	745679	0.026627474338999507	816809	0.025061824989307827	1562488	-0.0015656493496916807	-0.08742073355304221	0.08742073355304221	3prime
ATTTA	2541310	0.09074771692972826	2784096	0.08542330790360043	5325406	-0.005324409026127824	-0.08723059121991154	0.08723059121991154	3prime
CCCCA	1126120	0.04021265370572877	1233961	0.03786113353994786	2360081	-0.0023515201657809057	-0.08692971200143602	0.08692971200143602	3prime
GAGAT	1093845	0.03906014473834306	1198612	0.03677653426209093	2292457	-0.0022836104762521264	-0.08690947195542541	0.08690947195542541	3prime
TTGTA	1420319	0.050718214842705014	1556359	0.04775314287493666	2976678	-0.0029650719677683512	-0.08690651354590533	0.08690651354590533	3prime
ATACA	1740342	0.06214592598971283	1907178	0.05851718242509341	3647520	-0.0036287435646194174	-0.08679807210111386	0.08679807210111386	3prime
CCACA	1216839	0.04345214126613975	1333994	0.04093040620853432	2550833	-0.0025217350576054315	-0.08625224273864643	0.08625224273864643	3prime
CTTCA	1487832	0.053129038635582215	1631227	0.05005028787860276	3119059	-0.0030787507569794564	-0.08612057014147412	0.08612057014147412	3prime
CGTGA	249831	0.008921222860757224	273923	0.0084046702307959	523754	-0.0005165526299613244	-0.08604032629654249	0.08604032629654249	3prime
AATTA	2311021	0.08252431994784482	2535111	0.07778380038720087	4846132	-0.0047405195606439465	-0.08534855518130231	0.08534855518130231	3prime
GGCGA	164357	0.005869029166618534	180311	0.005532410545974743	344668	-0.00033661862064379103	-0.08519870462525514	0.08519870462525514	3prime
TGCGA	114585	0.004091719288238315	125831	0.003860822420210347	240416	-0.00023089686802796805	-0.08377789272358192	0.08377789272358192	3prime
CGGGA	271870	0.009708214189408305	298598	0.009161763421016834	570468	-0.0005464507683914707	-0.08357176654090401	0.08357176654090401	3prime
CAGAT	1064208	0.038001836194070084	1169043	0.03586928042048434	2233251	-0.0021325557735857453	-0.08331806872320398	0.08331806872320398	3prime
TAGTA	934422	0.03336730392943424	1026496	0.031495567634813676	1960918	-0.001871736294620563	-0.08328373967617628	0.08328373967617628	3prime
GAGCA	1552526	0.05543919867078132	1705690	0.05233500642869075	3258216	-0.0031041922420905685	-0.08312858565693816	0.08312858565693816	3prime
ATATA	2092131	0.07470797020745572	2299045	0.0705406813986418	4391176	-0.004167288808813924	-0.08280551232358942	0.08280551232358942	3prime
GCCTC	5674267	0.20262257477430867	6992557	0.21454983938933017	12666824	0.011927264615021499	0.08251750730239338	0.08251750730239338	3prime
TAACA	1375596	0.049121199860570515	1512146	0.04639657301802732	2887742	-0.0027246268425431958	-0.08232582870316262	0.08232582870316262	3prime
ACATA	1417228	0.05060783822866353	1557989	0.04780315551526331	2975217	-0.0028046827134002167	-0.08225332224643633	0.08225332224643633	3prime
TATTA	1801882	0.06434345974193333	1981495	0.06079742131537301	3783377	-0.003546038426560316	-0.08178206995822213	0.08178206995822213	3prime
GACCA	778115	0.027785732460335614	855705	0.026255255454427723	1633820	-0.001530477005907891	-0.08173501251056567	0.08173501251056567	3prime
TATCG	406108	0.014501723058933417	446710	0.013706224883630934	852818	-0.000795498175302483	-0.08138729111144866	0.08138729111144866	3prime
GTATA	907275	0.03239791087172333	998239	0.03062856936627982	1905514	-0.0017693415054435072	-0.08102023236341559	0.08102023236341559	3prime
TCTGA	1560568	0.05572637069605525	1717330	0.052692151909305616	3277898	-0.003034218786749636	-0.08077060745817664	0.08077060745817664	3prime
TGCCA	1129856	0.0403460626446026	1243367	0.03814973408897393	2373223	-0.0021963285556286724	-0.08075282855321517	0.08075282855321517	3prime
GTCCA	698121	0.024929224254694946	768306	0.02357362677227496	1466427	-0.001355597482419986	-0.08066092966758115	0.08066092966758115	3prime
CAGCA	1513347	0.0540401545551127	1665864	0.051113041144243386	3179211	-0.002927113410869313	-0.0803388400198409	0.0803388400198409	3prime
AAATA	4259003	0.15208486908203384	4689805	0.143895417587197	8948808	-0.008189451494836825	-0.0798554370985781	0.0798554370985781	3prime
TGACA	1250500	0.044654142950141924	1377054	0.04225159902599788	2627554	-0.002402543924144046	-0.07978625402339133	0.07978625402339133	3prime
GCGGG	1207444	0.043116654922264026	1329737	0.0407997903742579	2537181	-0.0023168645480061284	-0.07968161540666878	0.07968161540666878	3prime
TGGGG	5537428	0.19773618671580848	6103757	0.18727914324066286	11641185	-0.010457043475145616	-0.07838626870806487	0.07838626870806487	3prime
GAGGC	6136784	0.21913860854869552	7540675	0.2313675255185102	13677459	0.01222891696981468	0.07834235026033304	0.07834235026033304	3prime
TCCGA	119613	0.004271264294838325	132038	0.004051269327270178	251651	-0.0002199949675681474	-0.0762708355190433	0.0762708355190433	3prime
TTCTA	1618376	0.0577906383455249	1786535	0.05481554134108838	3404911	-0.0029750970044365166	-0.07624946576525415	0.07624946576525415	3prime
AGACA	1547765	0.05526918797539098	1708658	0.052426072389727255	3256423	-0.002843115585663726	-0.0761895334640973	0.0761895334640973	3prime
GAACA	1251888	0.044703707084819896	1382226	0.04241028944058036	2634114	-0.0022934176442395357	-0.07597839863666499	0.07597839863666499	3prime
CCCGA	160871	0.005744547485431653	177667	0.005451285747800714	338538	-0.00029326173763093936	-0.07558319782351378	0.07558319782351378	3prime
TTATA	1972398	0.07043242082892766	2178509	0.06684232335298951	4150907	-0.0035900974759381504	-0.07547668973636217	0.07547668973636217	3prime
ACCTC	4553114	0.16258728782430426	5583412	0.1713136050009258	10136526	0.008726317176621534	0.07542481456601477	0.07542481456601477	3prime
GGGCA	1111585	0.039693622943809286	1228142	0.03768259148224186	2339727	-0.0020110314615674266	-0.0750071229381983	0.0750071229381983	3prime
GCTCA	1159353	0.04139937192457089	1281614	0.03932325154576745	2440967	-0.0020761203788034407	-0.07422442114122707	0.07422442114122707	3prime
CTCGT	704791	0.02516740348978287	863429	0.02649224786785291	1568220	0.0013248443780700427	0.07401101307256527	0.07401101307256527	3prime
GAATA	1533871	0.05477304670218085	1696041	0.052038950007517834	3229912	-0.002734096694663013	-0.07387289437498937	0.07387289437498937	3prime
CACGA	215526	0.00769622456095345	238312	0.007312032111364991	453838	-0.00038419244958845956	-0.07386864061921469	0.07386864061921469	3prime
GTTTA	1264247	0.04514503499583213	1398332	0.04290446341916995	2662579	-0.00224057157666218	-0.0734379201204902	0.0734379201204902	3prime
TGTTA	1371691	0.04898175609550031	1517694	0.04656680009074649	2889385	-0.0024149560047538182	-0.07294122238239373	0.07294122238239373	3prime
GTCTA	625204	0.022325428859656563	691932	0.021230273770859214	1317136	-0.0010951550887973484	-0.07256158036066582	0.07256158036066582	3prime
GCGAC	621884	0.02220687487757382	760497	0.023334026337728447	1382381	0.001127151460154626	0.07142575094485325	0.07142575094485325	3prime
AGTTA	1164327	0.04157698864351051	1289696	0.03957122833050364	2454023	-0.0020057603130068727	-0.07133166234914509	0.07133166234914509	3prime
GTACA	723641	0.025840518719379174	801603	0.02459526535200288	1525244	-0.0012452533673762943	-0.07125158420631111	0.07125158420631111	3prime
TCTTA	1343539	0.04797647546188783	1488406	0.04566816806014099	2831945	-0.0023083074017468397	-0.0711367372516585	0.0711367372516585	3prime
GTCGA	94478	0.00337371780699201	104665	0.0032113944783981364	199143	-0.0001623233285938737	-0.07111780438204614	0.07111780438204614	3prime
CTTTA	1620339	0.057860735172882864	1795174	0.055080608334819633	3415513	-0.0027801268380632307	-0.07103890231120301	0.07103890231120301	3prime
CGCTA	87524	0.003125397207171709	96972	0.002975353225617199	184496	-0.00015004398155450986	-0.07095533186781068	0.07095533186781068	3prime
GCTAC	2256729	0.08058560525048447	2757844	0.0846178282509285	5014573	0.004032223000444035	0.0704386480022203	0.0704386480022203	3prime
CATTA	1299547	0.04640556378122998	1440776	0.04420675575415424	2740323	-0.002198808027075741	-0.07002937925688318	0.07002937925688318	3prime
GGATC	2499601	0.08925832896626766	3053193	0.09367990389990773	5552794	0.004421574933640066	0.06975203531428575	0.06975203531428575	3prime
GCAGG	5859779	0.20924702848639723	7154620	0.21952235382445784	13014399	0.010275325338060609	0.06916039802202449	0.06916039802202449	3prime
GAGTA	844997	0.03017402385481094	937489	0.02876460132956567	1782486	-0.0014094225252452679	-0.06901028219236899	0.06901028219236899	3prime
ACGTA	175999	0.006284753702584589	195267	0.005991299532922839	371266	-0.0002934541696617502	-0.06897600290219238	0.06897600290219238	3prime
ATCTA	1018628	0.0363742185725847	1130276	0.034679808010948575	2148904	-0.0016944105616361269	-0.06881840537170507	0.06881840537170507	3prime
TCACA	1617074	0.057744145187491255	1794884	0.05507171038040569	3411958	-0.0026724348070855664	-0.06836204793507351	0.06836204793507351	3prime
CCTGT	5336175	0.1905496371507186	6511567	0.19979181492876816	11847742	0.00924217777804956	0.06833026883589345	0.06833026883589345	3prime
TACCA	915225	0.03268179766616845	1016216	0.031180150492140075	1931441	-0.0015016471740283768	-0.06785732409637506	0.06785732409637506	3prime
CTCTA	1022826	0.03652412508366403	1135709	0.034846506584503605	2158535	-0.001677618499160427	-0.06783378188618551	0.06783378188618551	3prime
CGGCG	305218	0.01089903894678642	338953	0.010399959801619297	644171	-0.0004990791451671226	-0.06761662333285383	0.06761662333285383	3prime
AACCA	1322519	0.047225871635568774	1469129	0.04507669955242513	2791648	-0.0021491720831436426	-0.06719408039142341	0.06719408039142341	3prime
AGGTC	3497582	0.12489526318100225	4264385	0.13084242528795526	7761967	0.005947162106953008	0.06711111960904134	0.06711111960904134	3prime
ATGCA	1410641	0.05037262284312767	1567163	0.04808463770075822	2977804	-0.002287985142369449	-0.06706244080751952	0.06706244080751952	3prime
CCCCT	2804410	0.10014276291947823	3419059	0.10490562455374246	6223469	0.004762861634264232	0.06703321179110948	0.06703321179110948	3prime
CAGTG	5793266	0.20687191372426783	7062058	0.21668231087113543	12855324	0.0098103971468676	0.06684327746234131	0.06684327746234131	3prime
GCCTG	5041433	0.1800246860100463	6144026	0.18851470091754255	11185459	0.008490014907496263	0.06648192178898693	0.06648192178898693	3prime
CGTCG	119918	0.004282155549216409	133308	0.0040902362310829676	253226	-0.00019191931813344106	-0.06613722987721272	0.06613722987721272	3prime
CCATA	842740	0.03009342857241312	937174	0.028754936310116042	1779914	-0.0013384922622970766	-0.06563660987895	0.06563660987895	3prime
CGGCT	1104433	0.03943823195590092	1344529	0.04125364741457191	2448962	0.0018154154586709909	0.06492519407463201	0.06492519407463201	3prime
GCGTG	1442222	0.0515003497431744	1755280	0.053856556633475196	3197502	0.002356206890300798	0.0645385374649285	0.0645385374649285	3prime
CTCCT	5317528	0.1898837708543641	6471431	0.19856033803787831	11788959	0.008676567183514228	0.06446053940446596	0.06446053940446596	3prime
GCGAT	575745	0.020559295907900413	700409	0.02149037018315923	1276154	0.0009310742752588162	0.06389643654003897	0.06389643654003897	3prime
GGGTA	616719	0.02202243773376136	687000	0.02107894718061931	1303719	-0.0009434905531420512	-0.06316843093342939	0.06316843093342939	3prime
CAATA	1413512	0.05047514347040465	1574742	0.04831718113697644	2988254	-0.002157962333428215	-0.0630355406119541	0.0630355406119541	3prime
AGTAG	993244	0.03546778053608218	1106567	0.0339523542137065	2099811	-0.001515426322375682	-0.06299562561656612	0.06299562561656612	3prime
TAGCA	1039636	0.03712439389053479	1158313	0.035540056107168407	2197949	-0.0015843377833663838	-0.06291978072758195	0.06291978072758195	3prime
ACTTA	1179113	0.0421049823721477	1313724	0.04030846987760105	2492837	-0.0017965124945466537	-0.06290641441394598	0.06290641441394598	3prime
CAGCT	5594496	0.19977402968252475	6800612	0.20866046745834912	12395108	0.008886437775824374	0.06278794052416475	0.06278794052416475	3prime
CCCTC	3632453	0.12971137586699072	4414532	0.1354493258444741	8046985	0.005737949977483392	0.06244773035356694	0.06244773035356694	3prime
ACGAA	263449	0.00940750844148096	293626	0.009009209526719832	557075	-0.000398298914761128	-0.06240537100370785	0.06240537100370785	3prime
AACTA	1157602	0.04133684541173146	1290567	0.0395979528763469	2448169	-0.001738892535384562	-0.062000914058485415	0.062000914058485415	3prime
TGGCA	1288252	0.046002230278933416	1436384	0.04407199776868513	2724636	-0.001930232510248285	-0.061840139081714124	0.061840139081714124	3prime
CCTTA	851700	0.030413381487913536	949726	0.02914006432323268	1801426	-0.0012733171646808553	-0.06170009549341685	0.06170009549341685	3prime
CCTGC	4647348	0.16595229262779385	5644250	0.17318027310656556	10291598	0.007227980478771712	0.06150567943493224	0.06150567943493224	3prime
TAATA	2025792	0.07233906881667647	2260073	0.06934491905581343	4285865	-0.0029941497608630407	-0.060983986663941094	0.060983986663941094	3prime
CGTAA	143514	0.005124745838741838	160139	0.004913481109981362	303653	-0.00021126472876047651	-0.06072284478897843	0.06072284478897843	3prime
CTCCC	5639826	0.2013927200463232	6845117	0.21002599663487526	12484943	0.008633276588552063	0.060556084964206836	0.060556084964206836	3prime
CCGTA	109938	0.003925779422353221	122747	0.003766197277408265	232685	-0.0001595821449449559	-0.05985497516171848	0.05985497516171848	3prime
GACTA	617484	0.022049755142283436	689439	0.02115378204550072	1306923	-0.0008959730967827151	-0.059844240744353	0.059844240744353	3prime
TCATA	1195317	0.042683611506385284	1334985	0.04096081266654886	2530302	-0.0017227988398364272	-0.059436488903804104	0.059436488903804104	3prime
TCAGG	6104134	0.2179727086947794	7402828	0.22713802095954827	13506962	0.009165312264768882	0.05942144051890853	0.05942144051890853	3prime
CGATC	534135	0.019073443138483852	647759	0.01987493121800696	1181894	0.0008014880795231098	0.05938151499892683	0.05938151499892683	3prime
GACGA	125796	0.004492053231952062	140509	0.004311181643961628	266305	-0.0001808715879904341	-0.05927820379316588	0.05927820379316588	3prime
AAGTA	1437982	0.05134894345280367	1606306	0.04928564676843068	3044288	-0.002063296684372988	-0.05916585766585357	0.05916585766585357	3prime
ATCCC	4723065	0.1686560733089261	5726820	0.1757137355064254	10449885	0.007057662197499315	0.059142356578182544	0.059142356578182544	3prime
GCATA	768856	0.0274551025446416	858897	0.026353194318183962	1627753	-0.0011019082264576395	-0.05909425853341546	0.05909425853341546	3prime
CGTTC	996450	0.035582263688659674	1208152	0.037069246279708264	2204602	0.0014869825910485898	0.059062859543680304	0.059062859543680304	3prime
CCTAC	2215772	0.07912307047814625	2686392	0.08242549501373837	4902164	0.0033024245355921245	0.058991502705288745	0.058991502705288745	3prime
TGGCC	5066208	0.18090937724682338	6141027	0.1884226837958618	11207235	0.007513306549038423	0.0587051498545842	0.0587051498545842	3prime
ATTCA	2440592	0.08715117477086988	2727270	0.08367973839488736	5167862	-0.0034714363759825173	-0.058641083492644804	0.058641083492644804	3prime
GCGTA	89772	0.003205671108292796	100321	0.0030781092577975397	190093	-0.00012756185049525625	-0.0585633313166145	0.0585633313166145	3prime
GGATA	816293	0.029149031836225674	912426	0.027995603289990907	1728719	-0.0011534285462347672	-0.05824565739479365	0.05824565739479365	3prime
TGCCC	4484554	0.16013907667623412	5431567	0.1666546053871832	9916121	0.006515528710949098	0.05753544058370564	0.05753544058370564	3prime
GCTGC	3839898	0.13711903575047107	4650643	0.1426938255500974	8490541	0.005574789799626334	0.05749362953952151	0.05749362953952151	3prime
CAGGC	5849262	0.20887147661002242	7083784	0.21734892106974696	12933046	0.008477444459724537	0.05739717252186204	0.05739717252186204	3prime
TAGAT	1059957	0.03785003710436113	1185557	0.03637597290045631	2245514	-0.0014740642039048138	-0.05730733553779425	0.05730733553779425	3prime
CAACT	3233904	0.11547957737148003	3915961	0.12015187056821713	7149865	0.004672293196737107	0.057220890471140755	0.057220890471140755	3prime
GGCTG	5621188	0.2007271751312454	6806738	0.20884842907469334	12427926	0.008121253943447926	0.05722006541950053	0.05722006541950053	3prime
AGATC	1263341	0.045112682613974615	1413340	0.043364947901392274	2676681	-0.0017477347125823411	-0.05700241295883375	0.05700241295883375	3prime
CCACT	3773560	0.13475017006872256	4568250	0.14016579397069018	8341810	0.00541562390196762	0.05684680984872468	0.05684680984872468	3prime
GTTTC	5922758	0.21149594753386383	7169888	0.21999081578305124	13092646	0.00849486824918741	0.056813011522692636	0.056813011522692636	3prime
CCCTT	3196646	0.11414913030387795	3869065	0.1187129792916781	7065711	0.004563848987800143	0.056557324662708526	0.056557324662708526	3prime
CCATT	6070412	0.2167685287599016	7347214	0.2254316387637652	13417626	0.008663110003863606	0.05653443637673296	0.05653443637673296	3prime
AGAAC	4366004	0.15590577108108072	5284149	0.16213143764995974	9650153	0.006225666568879018	0.05648917196259009	0.05648917196259009	3prime
CTGGC	4374354	0.15620394148782496	5294106	0.1624369443123723	9668460	0.0062330028245473346	0.05644858152304619	0.05644858152304619	3prime
ACTAC	2927355	0.10453300970476827	3542696	0.1086991293464211	6470051	0.004166119641652838	0.056381263582648174	0.056381263582648174	3prime
TGCCT	5340937	0.19071968355513969	6463387	0.19831352719199635	11804324	0.0075938436368566675	0.056329051965669355	0.056329051965669355	3prime
AGTGA	1550304	0.055359853204459686	1735505	0.05324980819024849	3285809	-0.0021100450142111926	-0.05606275615736583	0.05606275615736583	3prime
GCACT	3082123	0.11005962497554601	3729011	0.11441575823136592	6811134	0.004356133255819905	0.05599994810399597	0.05599994810399597	3prime
CGCGG	345028	0.012320615460856912	386343	0.011854008283263473	731371	-0.00046660717759343905	-0.05569474626690046	0.05569474626690046	3prime
GCCCT	2677651	0.09561632189091603	3238844	0.09937615953750475	5916495	0.003759837646588729	0.05564230807441725	0.05564230807441725	3prime
AGCTA	1030554	0.03680008447328314	1154020	0.03540833569924061	2184574	-0.0013917487740425297	-0.05561850284531564	0.05561850284531564	3prime
GGCTC	3991649	0.14253791687548265	4828109	0.14813894409501122	8819758	0.00560102721952857	0.05560483109875467	0.05560483109875467	3prime
ATCGC	703984	0.02513858630196938	851469	0.026125283954781284	1555453	0.0009866976528119034	0.05554103009253354	0.05554103009253354	3prime
ACACG	905140	0.03232167209107674	1013816	0.031106512248714333	1918956	-0.001215159842362406	-0.05528344624846428	0.05528344624846428	3prime
CTAGC	2044676	0.07301339815331818	2472122	0.07585113400589077	4516798	0.00283773585257259	0.05500878362439765	0.05500878362439765	3prime
GCTTA	741835	0.026490208824804906	831228	0.025504237419289415	1573063	-0.0009859714055154914	-0.054720146731247477	0.054720146731247477	3prime
GCCTA	596251	0.02129154529241509	668101	0.020499076696243002	1264352	-0.0007924685961720884	-0.05471911136700937	0.05471911136700937	3prime
AAGAC	4629313	0.165308280258257	5595623	0.17168827024695568	10224936	0.006379989988698681	0.05463216264445276	0.05463216264445276	3prime
AGGTA	983489	0.03511943894113725	1102111	0.033815632541746035	2085600	-0.0013038063993912122	-0.054577872616383506	0.054577872616383506	3prime
AGATA	1435253	0.05125149350789288	1608396	0.04934977340541394	3043649	-0.0019017201024789446	-0.05454950133107703	0.05454950133107703	3prime
GGGAT	3402128	0.12148669336000037	4111982	0.12616630478261623	7514110	0.004679611422615859	0.05452791924488589	0.05452791924488589	3prime
GCAGT	3578741	0.1277933724074641	4325330	0.13271237643194778	7904071	0.00491900402448367	0.05448948327728266	0.05448948327728266	3prime
CTATA	1059907	0.03784825165282373	1187868	0.03644688039235502	2247775	-0.0014013712604687145	-0.05442985803297547	0.05442985803297547	3prime
TCCTG	5924738	0.21156665141474446	7160173	0.21969273431018413	13084911	0.008126082895439674	0.05437466754120245	0.05437466754120245	3prime
AGGCG	1300230	0.046429953049230734	1571209	0.048208779506133455	2871439	0.0017788264569027212	0.05423893719117573	0.05423893719117573	3prime
ACTGC	4584083	0.16369316079753335	5539297	0.16996004203895634	10123380	0.006266881241422995	0.054201234265211326	0.054201234265211326	3prime
GTCCC	2980772	0.10644047900022428	3601872	0.11051480296848855	6582644	0.004074323968264265	0.054192217624356755	0.054192217624356755	3prime
CCAGC	5902110	0.21075862746698293	7131125	0.2188014661039212	13033235	0.008042838636938276	0.05403046395723276	0.05403046395723276	3prime
TGCAC	4251515	0.1518174798597942	5136469	0.15760023107116225	9387984	0.005782751211368037	0.05393139299717828	0.05393139299717828	3prime
CGCCT	949690	0.03391250941089187	1147281	0.0352015656482214	2096971	0.0012890562373295278	0.05382049588958614	0.05382049588958614	3prime
TGGGC	4619772	0.1649675803958921	5580468	0.17122327542232355	10200240	0.006255695026431446	0.05369597751475677	0.05369597751475677	3prime
TGGTA	957841	0.03420357372051731	1074034	0.03295415714146911	2031875	-0.0012494165790481945	-0.053685000574559494	0.053685000574559494	3prime
TAGAC	2676923	0.09559032571653162	3233494	0.09921200761986819	5910417	0.003621681903336574	0.053649572817949874	0.053649572817949874	3prime
CTGCC	5592902	0.19971710948751276	6755451	0.2072748104952866	12348353	0.007557701007773837	0.05358660542051559	0.05358660542051559	3prime
CCTCG	929882	0.03320518492983916	1122866	0.03445244993437159	2052748	0.0012472650045324274	0.053196471215882495	0.053196471215882495	3prime
CTGCA	1552324	0.05543198544657027	1741527	0.053434578816044256	3293851	-0.0019974066305260135	-0.05294406253340806	0.05294406253340806	3prime
GCAGC	3847567	0.13739288830727608	4645162	0.14252565421167387	8492729	0.00513276590439779	0.052913915790102725	0.052913915790102725	3prime
CCCAC	4103970	0.14654879091810794	4954440	0.15201510781593527	9058410	0.005466316897827339	0.05283329178747588	0.05283329178747588	3prime
ACGTC	576831	0.020598075915292537	647190	0.019857472817794777	1224021	-0.0007406030974977593	-0.05282493973440744	0.05282493973440744	3prime
CCCTG	4352514	0.15542405625629271	5254382	0.16121810865327052	9606896	0.005794052396977806	0.05280364978709065	0.05280364978709065	3prime
ATGTA	1582120	0.056495971726732146	1775307	0.05447103709226161	3357427	-0.0020249346344705377	-0.0526577195442303	0.0526577195442303	3prime
CAGAC	3712936	0.13258534578866707	4481238	0.13749603945528982	8194174	0.004910693666622751	0.0524683460410972	0.0524683460410972	3prime
CCTTT	5121545	0.1828854078813152	6180586	0.18963645682572805	11302131	0.006751048944412863	0.052296092763106136	0.052296092763106136	3prime
CCTCC	5693596	0.20331279462963317	6870693	0.21081073484898227	12564289	0.007497940219349103	0.05224707306157349	0.05224707306157349	3prime
GCGAA	159075	0.005680414066208578	178569	0.005478961454288223	337644	-0.0002014526119203542	-0.05208430623911399	0.05208430623911399	3prime
TCGTG	851339	0.03040049052781358	1027097	0.03151400787827154	1878436	0.0011135173504579626	0.05189696536080238	0.05189696536080238	3prime
GCCTT	3082838	0.11008515693253068	3719220	0.11411534488079032	6802058	0.004030187948259642	0.051872378693276336	0.051872378693276336	3prime
ATAAA	3860627	0.13785924824884252	4334416	0.13299115854851706	8195043	-0.004868089700325456	-0.05186533393457407	0.05186533393457407	3prime
GCAAC	2943001	0.10509171319984857	3549971	0.1089223452718054	6492972	0.00383063207195683	0.05165055565914182	0.05165055565914182	3prime
TCCTC	4842502	0.1729210528143528	5840270	0.17919467663836322	10682772	0.006273623824010421	0.05141396250279164	0.05141396250279164	3prime
AGCCC	3660427	0.13071030029313008	4414486	0.13544791444480847	8074913	0.004737614151678393	0.051364960272339895	0.051364960272339895	3prime
AAGAT	1433555	0.05119085957368309	1610138	0.049403222497100455	3043693	-0.0017876370765826377	-0.051280062170516456	0.051280062170516456	3prime
CCTTC	4321612	0.15432057578812375	5211030	0.15988795651619014	9532642	0.005567380728066396	0.051130515699499064	0.051130515699499064	3prime
CGGAT	453169	0.01618222575495631	546430	0.01676589389797061	999599	0.0005836681430143008	0.051116246786698065	0.051116246786698065	3prime
CCGGA	167858	0.005994046483266632	188567	0.005785726103359303	356425	-0.00020832037990732924	-0.05102357952917022	0.05102357952917022	3prime
TTTGA	2280994	0.08145208488158019	2562521	0.07862481049232573	4843515	-0.0028272743892544666	-0.05096635544272266	0.05096635544272266	3prime
GAGCC	4350591	0.15535538779016467	5244696	0.1609209169758448	9595287	0.005565529185680124	0.05077926723916586	0.05077926723916586	3prime
CCAGG	6672110	0.23825458114280004	8042883	0.24677657341615863	14714993	0.008521992273358592	0.05070128190722345	0.05070128190722345	3prime
AGCTC	3771693	0.13468350130831638	4546305	0.13949246428236603	8317998	0.0048089629740496465	0.05061368514986384	0.05061368514986384	3prime
GGCAC	3176063	0.11341413132399569	3828124	0.11745680290663917	7004187	0.004042671582643473	0.05052942619218237	0.05052942619218237	3prime
TGGTC	2994719	0.10693851285206404	3609509	0.11074912599558955	6604228	0.0038106131435255014	0.05051333020303195	0.05051333020303195	3prime
ACCGA	131153	0.004683346509668104	147387	0.00452221657657924	278540	-0.0001611299330888643	-0.05049872312717431	0.05049872312717431	3prime
TCCCC	4032242	0.1439874535606287	4859922	0.14911504969422087	8892164	0.005127596133592177	0.05048241993754545	0.05048241993754545	3prime
GCCAC	3700809	0.13215230237278833	4460238	0.13685170482531456	8161047	0.00469940245252623	0.05041147226122355	0.05041147226122355	3prime
TCCAC	4096147	0.14626943917056778	4935280	0.15142722917258641	9031427	0.005157790002018631	0.049995942390826845	0.049995942390826845	3prime
CACTG	5434948	0.19407672524477246	6546553	0.20086527642230695	11981501	0.006788551177534491	0.04960082327323403	0.04960082327323403	3prime
ACCTA	773544	0.027622506480787352	869875	0.02669002791665389	1643419	-0.0009324785641334626	-0.049541597290282145	0.049541597290282145	3prime
CTGAC	3180589	0.1135757503971603	3830864	0.11754087323455023	7011453	0.003965122837389937	0.04950725570583134	0.04950725570583134	3prime
ATCGA	418051	0.014928196013154564	470217	0.01442748079538467	888268	-0.0005007152177698929	-0.049217070161516385	0.049217070161516385	3prime
GGCAT	3007126	0.10738155479655218	3620653	0.11109105290589642	6627779	0.0037094981093442475	0.0489959812579813	0.0489959812579813	3prime
CCCAT	3119152	0.11138189467510683	3755065	0.11521516272895523	6874217	0.0038332680538483987	0.048815423087779905	0.048815423087779905	3prime
AGCTG	5813025	0.20757748846281388	6997340	0.21469659427195736	12810365	0.007119105809143489	0.04864908189557241	0.04864908189557241	3prime
AGGAT	3797796	0.1356156141379266	4571275	0.14025860884000807	8369071	0.00464299470208146	0.048565678525847374	0.048565678525847374	3prime
GATCT	2821415	0.10074999498734481	3395756	0.10419062789267992	6217171	0.0034406329053351115	0.04844527097673629	0.04844527097673629	3prime
GTTCG	631423	0.02254750332187722	759884	0.023315217903053454	1391307	0.0007677145811762348	0.04830211319150883	0.04830211319150883	3prime
TGAGC	4299057	0.1535151585996068	5173167	0.15872622117834476	9472224	0.005211062578737963	0.048159049818444655	0.048159049818444655	3prime
TGATA	1310433	0.04679429228995069	1475093	0.04525969058733811	2785526	-0.0015346017026125827	-0.048104801387543694	0.048104801387543694	3prime
CCATC	4065253	0.14516624437464482	4891394	0.15008069252634382	8956647	0.004914448151699002	0.04803204339158741	0.04803204339158741	3prime
GCATG	3930334	0.1403484176551804	4728902	0.1450950152552038	8659236	0.004746597600023383	0.04798482172347506	0.04798482172347506	3prime
GGTTA	780379	0.027866577705948668	878624	0.026958469996542153	1659003	-0.0009081077094065144	-0.04779547208096008	0.04779547208096008	3prime
ATCTC	5060816	0.18071683415303116	6087928	0.18679346834266863	11148744	0.00607663418963747	0.04771284658475375	0.04771284658475375	3prime
GGATT	3977230	0.14202302836112993	4784377	0.14679713256938845	8761607	0.004774104208258523	0.047698582657192345	0.047698582657192345	3prime
GAGAC	4714244	0.16834108394869962	5670910	0.17399827126061987	10385154	0.005657187311920248	0.04768538178558668	0.04768538178558668	3prime
CACTC	4206925	0.15022521417874915	5060428	0.15526709537602185	9267353	0.005041881197272696	0.04762483167474505	0.04762483167474505	3prime
AGCCT	4341179	0.15501929439276624	5221691	0.1602150637300076	9562870	0.005195769337241363	0.047561706356896466	0.047561706356896466	3prime
GATGA	1322825	0.04723679859897761	1489753	0.04570949752426369	2812578	-0.0015273010747139174	-0.04741621138579251	0.04741621138579251	3prime
AATAA	4081163	0.14573437505384254	4596206	0.14102355677619438	8677369	-0.00471081827764816	-0.04740470954312337	0.04740470954312337	3prime
TCTGC	4891296	0.17466343926066166	5882361	0.18048613801504362	10773657	0.005822698754381961	0.04731011734904064	0.04731011734904064	3prime
GTGTA	896232	0.03200357604517521	1009411	0.030971355389426664	1905643	-0.001032220655748546	-0.04729709635901888	0.04729709635901888	3prime
CACCT	4058463	0.14492378005586715	4880484	0.14974594534477095	8938947	0.004822165288903807	0.047222277975694074	0.047222277975694074	3prime
CCTAT	2470228	0.08820944760611212	2970437	0.09114073453618236	5440665	0.002931286930070248	0.047162288973559924	0.047162288973559924	3prime
CCTTG	3748513	0.13385576597558205	4507542	0.138303114603236	8256055	0.0044473486276539465	0.04715401404645491	0.04715401404645491	3prime
CGGGC	1106733	0.03952036272662089	1330781	0.0408318230101481	2437514	0.001311460283527209	0.04709661989457577	0.04709661989457577	3prime
CTCAC	4982111	0.17790635488802442	5989897	0.18378562224213982	10972008	0.005879267354115397	0.046905602772728545	0.046905602772728545	3prime
CACTT	4581943	0.16361674347173302	5508768	0.16902333289997945	10090711	0.005406589428246428	0.04690174382989043	0.04690174382989043	3prime
CGAGT	780489	0.027870505699330923	938342	0.028790773588583236	1718831	0.0009202678892523131	0.046865719316558876	0.046865719316558876	3prime
TGGAT	3928485	0.14028239165732773	4722651	0.14490321831368116	8651136	0.004620826656353438	0.04675537744298495	0.04675537744298495	3prime
ACCGG	445821	0.01591983579702137	502370	0.015414018479079653	948191	-0.0005058173179417168	-0.0465794562058112	0.0465794562058112	3prime
TACTC	3078311	0.10992350215033533	3700070	0.11352777306345573	6778381	0.0036042709131203915	0.046544986120073725	0.046544986120073725	3prime
TGCTC	3857402	0.13774408662468082	4636013	0.14224493909121466	8493415	0.004500852466533839	0.04638660763687358	0.04638660763687358	3prime
CTGGT	3360421	0.11999737681460128	4038646	0.1239161655243369	7399067	0.003918788709735624	0.04636115845371445	0.04636115845371445	3prime
GGTTC	2934756	0.10479729224133283	3527040	0.10821876253847384	6461796	0.003421470297141016	0.04634877341796039	0.04634877341796039	3prime
CTGCT	4512233	0.16112746693830288	5422541	0.16637766422669958	9934774	0.005250197288396707	0.046259038734799356	0.046259038734799356	3prime
CCGTT	631050	0.022534183853408288	758332	0.02326759850563814	1389382	0.0007334146522298517	0.04620509784804236	0.04620509784804236	3prime
GGCGT	855193	0.030538113132315654	1027677	0.03153180378709943	1882870	0.0009936906547837777	0.04619528882367532	0.04619528882367532	3prime
GAGCT	3402732	0.12150826161457202	4088633	0.12544989672188803	7491365	0.003941635107316002	0.046056500795931404	0.046056500795931404	3prime
CCTCT	4352050	0.15540748726602574	5229290	0.16044822081825436	9581340	0.005040733552228616	0.0460514882811155	0.0460514882811155	3prime
AGCGC	554001	0.019782838743319934	665627	0.02042316794031163	1219628	0.0006403291969916958	0.04595492006695297	0.04595492006695297	3prime
AGGCC	4050886	0.14465321272989093	4867086	0.14933485985084674	8917972	0.004681647120955812	0.04595230065867439	0.04595230065867439	3prime
TTCAA	2344982	0.08373703434107134	2643600	0.08111252513345736	4988582	-0.0026245092076139787	-0.04594055861257477	0.04594055861257477	3prime
TGGCT	5306520	0.18949068584389214	6375101	0.1956046830423775	11681621	0.006113997198485349	0.045813736379344314	0.045813736379344314	3prime
GCGTT	545532	0.019480418961916695	655387	0.02010897810169512	1200919	0.0006285591397784257	0.04581274828690012	0.04581274828690012	3prime
TCTCG	975464	0.034832873969386044	1171890	0.03595663378674813	2147354	0.0011237598173620827	0.045807158713153225	0.045807158713153225	3prime
GGAAT	5383869	0.19225274366320486	6467727	0.19844668968219126	11851596	0.0061939460189864015	0.0457470752977821	0.0457470752977821	3prime
GGTGA	1325078	0.047317251045252424	1494058	0.04584158612340862	2819136	-0.0014756649218438042	-0.045708317131403046	0.045708317131403046	3prime
AGGCT	4419755	0.1578251671928065	5309352	0.16290473125373434	9729107	0.005079564060927827	0.045700940311156235	0.045700940311156235	3prime
CTACA	1166746	0.04166336878888948	1315620	0.04036664408990739	2482366	-0.0012967246989820935	-0.04561473192552081	0.04561473192552081	3prime
CACCC	4244191	0.1515559469185972	5098138	0.15642413627584884	9342329	0.00486818935725164	0.04561237842045558	0.04561237842045558	3prime
GCAAT	3274802	0.11694000531100414	3933455	0.12068863199758795	7208257	0.0037486266865838086	0.045520845839119424	0.045520845839119424	3prime
CCTGG	5757541	0.20559620860080216	6915283	0.21217887204662977	12672824	0.006582663445827613	0.04546712765876299	0.04546712765876299	3prime
TCCCT	4264685	0.15228776779474293	5122141	0.15716061075791057	9386826	0.004872842963167645	0.045439320863096475	0.045439320863096475	3prime
CAGTA	1097556	0.039192660951448195	1237776	0.03797818766439337	2335332	-0.001214473287054825	-0.045411288590574805	0.045411288590574805	3prime
AGAGA	2650390	0.09464285800369984	2989231	0.0917173833474088	5639621	-0.0029254746562910466	-0.04529795818809444	0.04529795818809444	3prime
GAGGT	3750125	0.13391332893314753	4503552	0.13818069102354066	8253677	0.004267362090393134	0.04525613394735305	0.04525613394735305	3prime
CACAC	6697462	0.23915987649031864	8042542	0.2467661106490719	14740004	0.00760623415875325	0.045168720266985284	0.045168720266985284	3prime
CAGGT	3994602	0.14264336564328095	4796404	0.14716615221675572	8791006	0.0045227865734747685	0.04503293449985071	0.04503293449985071	3prime
CCATG	4042354	0.1443485432795506	4853361	0.14891374114625575	8895715	0.004565197866705145	0.044920031198675034	0.044920031198675034	3prime
GCTTC	3515292	0.12552767011554603	4220168	0.1294857327006402	7735460	0.00395806258509418	0.04478737987571208	0.04478737987571208	3prime
GGCCT	3149310	0.11245880762439942	3780770	0.11600385899864638	6930080	0.0035450513742469603	0.04477575148520083	0.04477575148520083	3prime
ATTAA	2553877	0.09119647231913604	2881483	0.08841139440880999	5435360	-0.0027850779103260476	-0.044745205213698847	0.044745205213698847	3prime
CCACC	5410151	0.1931912484093189	6494484	0.19926766404858404	11904635	0.0060764156392651425	0.04467764826073778	0.04467764826073778	3prime
GAAGC	3828270	0.1367038111409355	4595489	0.14100155735097095	8423759	0.004297746210035452	0.04465731135614513	0.04465731135614513	3prime
CCCTA	656331	0.023436943859743785	740598	0.022723473251924746	1396929	-0.0007134706078190389	-0.04459915855158477	0.04459915855158477	3prime
GCATT	4155239	0.14837955721551763	4987776	0.15303794301711884	9143015	0.004658385801601217	0.04459675133063056	0.04459675133063056	3prime
CAAGC	3220239	0.11499161346631114	3865287	0.11859706042348539	7085526	0.003605446957174255	0.044539223111037474	0.044539223111037474	3prime
TCCTA	1026364	0.03665046363444979	1158289	0.03553931972473415	2184653	-0.001111143909715645	-0.04441415181985648	0.04441415181985648	3prime
GTGAC	3182880	0.11365755978660355	3819882	0.1172039169056746	7002762	0.0035463571190710447	0.044326754401208625	0.044326754401208625	3prime
AGTGC	3942687	0.14078953131200816	4730616	0.14514760523405035	8673303	0.004358073922042183	0.04398039822752875	0.04398039822752875	3prime
GGAAC	2932822	0.10472823097586656	3518179	0.10794688400722571	6451001	0.0032186530313591533	0.043670794861799256	0.043670794861799256	3prime
GCTTG	3250249	0.11606324147905304	3898936	0.11962949927891577	7149185	0.003566257799862721	0.043661688141408084	0.043661688141408084	3prime
CCGGT	393292	0.014044076120869428	444096	0.013626020563499729	837388	-0.0004180555573696995	-0.043594280378678706	0.043594280378678706	3prime
GCTGA	1214134	0.043355548337966905	1370989	0.042065509048340735	2585123	-0.00129003928962617	-0.04357780785397613	0.04357780785397613	3prime
TCAGC	4441633	0.1586064093675072	5327730	0.16346861610276697	9769363	0.0048622067352597775	0.04356234036287301	0.04356234036287301	3prime
GACCT	2380426	0.08500270522689689	2855049	0.08760033052267828	5235475	0.0025976252957813917	0.04342705393795602	0.04342705393795602	3prime
GCCAT	3030617	0.10822039563784909	3634267	0.11150876584172895	6664884	0.0032883702038798562	0.043184312790787036	0.043184312790787036	3prime
GCGCT	464712	0.016594415096878333	557259	0.017098155788827854	1021971	0.000503740691949521	0.04314038320414129	0.04314038320414129	3prime
CGCAA	152978	0.005462696105739153	172806	0.005302137622262154	325784	-0.00016055848347699877	-0.043031053751783455	0.043031053751783455	3prime
CGCTC	628579	0.022445946838430438	753696	0.02312535396542074	1382275	0.0006794071269903036	0.04301860517556449	0.04301860517556449	3prime
AAAAA	10211294	0.36463541142097283	11535069	0.3539259245644821	21746363	-0.010709486856490757	-0.04300711423829127	0.04300711423829127	3prime
CGCAC	680947	0.024315957360631985	816478	0.02505166904823536	1497425	0.0007357116876033735	0.04300158866407876	0.04300158866407876	3prime
GTCTC	4533843	0.16189913909276316	5436202	0.1667968192447992	9970045	0.004897680152036038	0.042996201661395596	0.042996201661395596	3prime
CTGGG	7921042	0.2828527323327294	9497264	0.29140076596273257	17418306	0.008548033630003171	0.042953412632859386	0.042953412632859386	3prime
AGAAT	6585519	0.23516250046131607	7895396	0.24225128857943662	14480915	0.007088788118120554	0.04284613696911045	0.04284613696911045	3prime
TCACG	1159116	0.04139090888428365	1389655	0.042638230486584466	2548771	0.001247321602300816	0.042832618561181035	0.042832618561181035	3prime
AGATT	4609692	0.16460763336595413	5526520	0.16956801044051853	10136212	0.004960377074564398	0.04283253050033802	0.04283253050033802	3prime
AGTTC	4094591	0.14621387591872417	4908951	0.15061938695960456	9003542	0.004405511040880383	0.04282695797464974	0.04282695797464974	3prime
GGCTT	2950880	0.10537306465311061	3537700	0.10854583906968986	6488580	0.0031727744165792465	0.04279788944528583	0.04279788944528583	3prime
TAGGC	2396833	0.08558858329437627	2873264	0.08815921410767824	5270097	0.0025706308133019717	0.042692503989288595	0.042692503989288595	3prime
ACGGA	272609	0.00973460316313094	308068	0.009452327656534249	580677	-0.0002822755065966919	-0.04244810257848668	0.04244810257848668	3prime
TAGCC	2950896	0.10537363599760258	3536857	0.10851997363668656	6487753	0.0031463376390839792	0.04244624888957346	0.04244624888957346	3prime
CTACT	3760345	0.13427827522739022	4506901	0.13828344705572101	8267246	0.004005171828330795	0.04240224951578958	0.04240224951578958	3prime
ACCTG	4224344	0.15084722978534534	5062911	0.15534328027536606	9287255	0.00449605049002072	0.042371356431475965	0.042371356431475965	3prime
TCCTT	5119381	0.1828081335387769	6135073	0.1882399995869631	11254454	0.0054318660481862124	0.042242734260771506	0.042242734260771506	3prime
CTCTG	6316365	0.2255512719994188	7569391	0.2322486071010992	13885756	0.006697335101680413	0.042214337518460196	0.042214337518460196	3prime
TGAGA	2094179	0.07478110230242724	2367308	0.07263516781987996	4461487	-0.002145934482547282	-0.0420049392349541	0.0420049392349541	3prime
GCTTT	4227131	0.1509467508540395	5064186	0.155382400592186	9291317	0.004435649738146502	0.041783130109466826	0.041783130109466826	3prime
TGCGC	572503	0.020443527230215995	685840	0.021043355362963534	1258343	0.0005998281327475388	0.04171861566011378	0.04171861566011378	3prime
TACTA	1204593	0.04301484847560201	1361991	0.04178942700069705	2566584	-0.00122542147490496	-0.04169579509155922	0.04169579509155922	3prime
GCATC	2486020	0.08877336461968159	2978088	0.09137548711970334	5464108	0.0026021225000217446	0.041679851048672674	0.041679851048672674	3prime
CTGAT	3381231	0.12074048174446328	4050153	0.12426923021896191	7431384	0.003528748474498633	0.0415593191602354	0.0415593191602354	3prime
AAGCG	855573	0.030551682563999823	1024778	0.03144285492556142	1880351	0.0008911723615615957	0.041479042627257816	0.041479042627257816	3prime
TGCTT	4837544	0.17274400743990515	5793427	0.17775741153969982	10630971	0.005013404099794672	0.04127381447030259	0.04127381447030259	3prime
TTTAA	3896070	0.1391248834256373	4406699	0.13520898902749334	8302769	-0.003915894398143965	-0.041189109653771976	0.041189109653771976	3prime
CGCCG	291981	0.010426358506777601	330296	0.010134340521062352	622277	-0.0002920179857152493	-0.040979175405334405	0.040979175405334405	3prime
GACAC	3229919	0.11533727688394999	3866790	0.11864317637343078	7096709	0.0033058994894807903	0.04076991358360547	0.04076991358360547	3prime
GCTCC	3120839	0.1114421358099784	3736179	0.11463569111839747	6857018	0.0031935553084190688	0.040761114787382244	0.040761114787382244	3prime
AATGA	2420047	0.08641753273415603	2738060	0.08401080366428895	5158107	-0.0024067290698670807	-0.040748695304717725	0.040748695304717725	3prime
AAGCC	3864971	0.13801436827841101	4626805	0.1419624136972712	8491776	0.00394804541886018	0.04069024859745069	0.04069024859745069	3prime
TGCTG	5493784	0.19617770177785088	6576161	0.20177372688536924	12069945	0.00559602510751836	0.04057705899822304	0.04057705899822304	3prime
GTAGC	2076440	0.07414765980599176	2485276	0.07625473294506672	4561716	0.002107073139074961	0.04042518715277688	0.04042518715277688	3prime
CTCGC	584578	0.020874713776495857	699665	0.021467542327697247	1284243	0.0005928285512013902	0.04039871168201434	0.04039871168201434	3prime
CTTGC	3427274	0.12238463264718491	4101969	0.12585907989452375	7529243	0.0034744472473388355	0.04038655976304474	0.04038655976304474	3prime
ACCCT	2864785	0.10229869565087753	3428439	0.10519342735513142	6293224	0.002894731704253889	0.040256427329315864	0.040256427329315864	3prime
AAGGC	4169056	0.14887294889336017	4988769	0.15306841084033626	9157825	0.004195461946976092	0.040094683494919535	0.040094683494919535	3prime
GCTAT	2358185	0.08420850067403474	2821830	0.08658108518586169	5180015	0.002372584511826953	0.040085535846424804	0.040085535846424804	3prime
AGGGC	3367360	0.12024516177896036	4029184	0.12362584674963091	7396544	0.0033806849706705527	0.0400012279197027	0.0400012279197027	3prime
CTATG	3111190	0.11109757937229274	3722658	0.1142208316644977	6833848	0.0031232522922049616	0.03999805601919425	0.03999805601919425	3prime
TGCTA	993839	0.03548902740937713	1125114	0.03452142442238037	2118953	-0.0009676029869967601	-0.03987990371881914	0.03987990371881914	3prime
ATTCC	7809538	0.2788710325682251	9343081	0.28667003042685274	17152619	0.007798997858627643	0.039792863166526506	0.039792863166526506	3prime
TGTGA	1743663	0.06226451568082632	1974144	0.06057187351228024	3717807	-0.001692642168546081	-0.03976152813971567	0.03976152813971567	3prime
CTCTT	4854759	0.17335873840422875	5807811	0.17819875007863145	10662570	0.0048400116744027055	0.03972643195911561	0.03972643195911561	3prime
TCAAC	3672270	0.13113320234427644	4393013	0.13478906694435805	8065283	0.003655864600081604	0.03967016672173918	0.03967016672173918	3prime
CACTA	795433	0.028404141454826264	900660	0.027634591801596196	1696093	-0.0007695496532300686	-0.039624580042816576	0.039624580042816576	3prime
GCTGG	6230439	0.22248293782338208	7453007	0.22867764321657347	13683446	0.006194705393191391	0.03962045088901639	0.03962045088901639	3prime
AGGTG	4722260	0.1686273275391741	5648619	0.17331432539220182	10370879	0.00468699785302773	0.03955231819426138	0.03955231819426138	3prime
CGCTT	575059	0.02053479951280741	687804	0.021103615992166935	1262863	0.0005688164793595241	0.03941746272806046	0.03941746272806046	3prime
GGTAC	1666808	0.05952009812270304	1993556	0.0611674841711888	3660364	0.0016473860484857578	0.039387381387840696	0.039387381387840696	3prime
AGCTT	3570053	0.1274831323483271	4269808	0.13100881703549602	7839861	0.003525684687168934	0.03935723274512685	0.03935723274512685	3prime
CTGTG	6729865	0.24031695621364005	8048254	0.24694136966842511	14778119	0.006624413454785066	0.03922994262137416	0.03922994262137416	3prime
CAAAC	4821573	0.1721736985098318	5764966	0.17688415402047478	10586539	0.004710455510642975	0.038939816874843686	0.038939816874843686	3prime
CTCTC	4801592	0.1714601963664597	5740811	0.1761430157829961	10542403	0.0046828194165363934	0.03887334744357864	0.03887334744357864	3prime
TCTCC	5442396	0.19434268610578218	6505809	0.19961514450974926	11948205	0.00527245840396709	0.03861816961751453	0.03861816961751453	3prime
CTAGG	2706427	0.09664388495971513	3235110	0.09926159070377485	5941537	0.0026177057440597284	0.03855673055884127	0.03855673055884127	3prime
AGTAC	2381832	0.0850529121241283	2846923	0.08735100370347927	5228755	0.002298091579350972	0.038463201092847676	0.038463201092847676	3prime
CTCAT	3997491	0.14274652903311139	4777890	0.14659809453392894	8775381	0.0038515655008175553	0.03841042004444539	0.03841042004444539	3prime
AGATG	5036621	0.17985285415408778	6019861	0.18470499571131024	11056482	0.004852141557222467	0.03840562232495014	0.03840562232495014	3prime
AGACT	3581818	0.1279032490950751	4280968	0.13135123486742575	7862786	0.0034479857723506424	0.038376554486193676	0.038376554486193676	3prime
CTACC	2294210	0.08192401543194332	2741926	0.08412942260140725	5036136	0.0022054071694639354	0.03832355167658704	0.03832355167658704	3prime
TAGTC	2296888	0.08201964421628595	2745008	0.08422398637900647	5041896	0.0022043421627205156	0.03826121493582601	0.03826121493582601	3prime
CTAGT	2029004	0.07245376622343844	2424654	0.07439469228133526	4453658	0.0019409260578968218	0.03813849132490058	0.03813849132490058	3prime
CTTCC	5387644	0.19238754525427784	6438208	0.197540969970656	11825852	0.005153424716378169	0.038136298217766554	0.038136298217766554	3prime
TGGGA	1868268	0.06671403945715774	2117640	0.0649747040867055	3985908	-0.0017393353704522468	-0.03811166029940296	0.03811166029940296	3prime
TCTAC	3345291	0.11945709917938685	3997532	0.12265468104925104	7342823	0.0031975818698641856	0.03810938594964307	0.03810938594964307	3prime
TGATC	3130344	0.11178155014723637	3740496	0.11476814790875953	6870840	0.0029865977615231576	0.038039877389010004	0.038039877389010004	3prime
TAGCT	3828137	0.13669906183984604	4339490	0.13314684206815966	8167627	-0.003552219771686377	-0.037984848657077824	0.037984848657077824	3prime
AGCAT	3675499	0.13124850680456115	4391491	0.13474236802498554	8066990	0.003493861220424388	0.03790226469410086	0.03790226469410086	3prime
TATAA	2525067	0.0901676951432915	2862754	0.08783673996667635	5387821	-0.0023309551766151487	-0.03778570931922596	0.03778570931922596	3prime
CCAAC	3203195	0.11438298874624539	3826839	0.11741737576380497	7030034	0.0030343870175595783	0.037773084751911226	0.037773084751911226	3prime
AAGCA	1921895	0.06862900764907079	2179007	0.06685760328850035	4100902	-0.0017714043605704388	-0.03772629886576169	0.03772629886576169	3prime
CTAAT	3555962	0.12697995639605963	4247903	0.13033671465122895	7803865	0.0033567582551693176	0.0376424548150203	0.0376424548150203	3prime
GTAGT	2355804	0.08412347747182419	2814051	0.086342405229358	5169855	0.002218927757533809	0.03756035259206577	0.03756035259206577	3prime
GGAGC	3045377	0.10874746093168682	3637538	0.11160912863099796	6682915	0.002861667699311149	0.0374729745475865	0.0374729745475865	3prime
AGAGC	4235430	0.1512431001002156	5058475	0.15520717225543412	9293905	0.003964072155218518	0.03732565727048598	0.03732565727048598	3prime
GGTCT	2738494	0.09778896644870529	3270525	0.10034821503332601	6009019	0.002559248584620727	0.03727097854366711	0.03727097854366711	3prime
CTTCT	5632944	0.20114697049671673	6726442	0.20638473891047932	12359386	0.0052377684137625835	0.03708610331563731	0.03708610331563731	3prime
TTCCC	5148802	0.18385872893240837	6147764	0.18862939248167815	11296566	0.004770663549269777	0.03695662573625884	0.03695662573625884	3prime
CCGCG	330456	0.011800263464799761	374865	0.01150183338407985	705321	-0.0002984300807199105	-0.036952055060568936	0.036952055060568936	3prime
AGGAC	3322035	0.11862664996031566	3966457	0.12170121920989478	7288492	0.0030745692495791205	0.03691516027143199	0.03691516027143199	3prime
CGCCC	1288173	0.04599940926550434	1537995	0.04718968758232401	2826168	0.0011902783168196707	0.0368554952425889	0.0368554952425889	3prime
ACCAA	1359834	0.04855835411792347	1542691	0.047333773078627045	2902525	-0.0012245810392964226	-0.036848826703388265	0.036848826703388265	3prime
GACTG	3043974	0.10869736116154763	3634063	0.11150250659103776	6678037	0.002805145429490133	0.036758891999291006	0.036758891999291006	3prime
CTGTC	4202307	0.15006030987475574	5016925	0.15393231016612594	9219232	0.0038720002913701923	0.03675339867050482	0.03675339867050482	3prime
CTATT	3973201	0.14187915667624698	4743390	0.14553954478468387	8716591	0.003660388108436885	0.03674828756436408	0.03674828756436408	3prime
CCGCT	513044	0.018320303970981697	612432	0.018791006957381434	1125476	0.0004707029863997361	0.03659696545076387	0.03659696545076387	3prime
ATCAC	4585699	0.16375086659122182	5473798	0.16795036232806348	10059497	0.0041994957368416685	0.03653214607891563	0.03653214607891563	3prime
TAAAA	4389606	0.15674857562479064	4981123	0.1528338116698224	9370729	-0.003914763954968231	-0.03648834913035495	0.03648834913035495	3prime
GCACC	2698229	0.09635114232564454	3220567	0.09881537363121629	5918796	0.0024642313055717457	0.036433368413933444	0.036433368413933444	3prime
TCTTC	5656776	0.20199798811749867	6751718	0.20716027234415815	12408494	0.005162284226659486	0.036406258321526434	0.036406258321526434	3prime
TGCAT	4440742	0.15857459262111087	5300244	0.16262527411993363	9740986	0.004050681498822761	0.03638962624633067	0.03638962624633067	3prime
ATGGC	3649363	0.13031521557693626	4354870	0.13361874047811295	8004233	0.003303524901176691	0.03611654862338131	0.03611654862338131	3prime
ATCAA	1852827	0.06616265631338074	2103291	0.06453443943882382	3956118	-0.0016282168745569148	-0.035947332724893664	0.035947332724893664	3prime
GTTCT	3720093	0.13284091532172917	4438457	0.1361834070836245	8158550	0.0033424917618953276	0.0358510973676609	0.0358510973676609	3prime
GTGAT	3680251	0.13141819611867475	4390642	0.13471631849637367	8070893	0.0032981223776989144	0.03575930502869264	0.03575930502869264	3prime
TGGAC	2936860	0.10487242404202625	3503632	0.1075005442042614	6440492	0.0026281201622351535	0.035708252428802184	0.035708252428802184	3prime
CTGTT	4770132	0.17033679025913348	5690204	0.17459026137256	10460336	0.004253471113426527	0.03558281175189503	0.03558281175189503	3prime
CAGTT	3926650	0.14021686558590546	4683845	0.14371254928268973	8610495	0.0034956836967842686	0.03552590595218735	0.03552590595218735	3prime
GGCCG	1195892	0.04270414419906528	1426494	0.04376854684056821	2622386	0.0010644026415029331	0.03551758215049299	0.03551758215049299	3prime
CGCTG	761448	0.027190570044861792	908250	0.027867472746430113	1669698	0.0006769027015683209	0.03547448657758844	0.03547448657758844	3prime
GAAAC	5418535	0.19349063292310859	6462974	0.19830085527760685	11881509	0.004810222354498267	0.03542699336663709	0.03542699336663709	3prime
CTTGT	3572788	0.12758079654742238	4261397	0.13075074567489023	7834185	0.003169949127467847	0.03540770898178478	0.03540770898178478	3prime
GTGCC	3087045	0.11023538482488676	3681719	0.11296471664466164	6768764	0.0027293318197748745	0.03528452223592125	0.03528452223592125	3prime
CAAGT	3741636	0.13361019497112936	4462001	0.13690579825163107	8203637	0.0032956032805017133	0.03515319398327948	0.03515319398327948	3prime
CTTTC	5852866	0.20900017195683757	6979623	0.21415299062246826	12832489	0.005152818665630693	0.03513752905528787	0.03513752905528787	3prime
GCCCC	3081647	0.11004262747691006	3674866	0.11275444877707971	6756513	0.002711821300169656	0.03512154920606948	0.03512154920606948	3prime
GGTGC	2708458	0.09671641000116393	3229706	0.09909578192566124	5938164	0.0023793719244973033	0.035062596890072684	0.035062596890072684	3prime
GCTCT	3445634	0.12304025045171477	4108712	0.12606597267594866	7554346	0.00302572222423389	0.03504829410066868	0.03504829410066868	3prime
ACAGC	4162799	0.1486495174879711	4963785	0.15230183672627426	9126584	0.00365231923830317	0.03501832746419558	0.03501832746419558	3prime
ACAAA	3253916	0.1161941864948053	3696176	0.11340829501349746	6950092	-0.0027858914813078395	-0.03501141659855073	0.03501141659855073	3prime
GGGCT	2749638	0.09818690788735893	3278498	0.10059284741450662	6028136	0.0024059395271476963	0.03492480009683211	0.03492480009683211	3prime
TACAC	3335460	0.11910604369810505	3976974	0.12202390812910668	7312434	0.0029178644310016294	0.034916932379398816	0.034916932379398816	3prime
GATTT	4932977	0.1761518273712613	5881506	0.1804599043908232	10814483	0.004308077019561901	0.034858689798394515	0.034858689798394515	3prime
GACTC	2695308	0.09624683624683017	3213467	0.09859752716108179	5908775	0.0023506909142516214	0.03481198841544638	0.03481198841544638	3prime
CACGC	1149896	0.0410616716207888	1370937	0.04206391355306651	2520833	0.0010022419322777074	0.034789884254514375	0.034789884254514375	3prime
AGGTT	3619305	0.12924187353071845	4314943	0.13239367625092144	7934248	0.0031518027202029897	0.034760378473278467	0.034760378473278467	3prime
TGGTG	5180557	0.18499266920380522	6175832	0.18949059173854224	11356389	0.00449792253473702	0.034657933359810746	0.034657933359810746	3prime
GATGC	2627103	0.09381130180467549	3131642	0.09608692329928531	5758745	0.002275621494609817	0.034578000132681495	0.034578000132681495	3prime
GGCTA	833918	0.029778403503155904	947548	0.029073237617323822	1781466	-0.000705165885832082	-0.03457349433858795	0.03457349433858795	3prime
TTCTC	7199687	0.2570938444576397	8582098	0.2633210923448306	15781785	0.006227247887190868	0.03452788651193907	0.03452788651193907	3prime
TCCGC	585954	0.020923849402804846	698438	0.021429894775745834	1284392	0.0005060453729409872	0.0344748465417925	0.0344748465417925	3prime
TGTGC	4246806	0.15164932603400275	5061985	0.1553148681864443	9308791	0.0036655421524415532	0.03445663373476621	0.03445663373476621	3prime
TCCAT	5253344	0.18759182242484637	6261606	0.19212236119337547	11514950	0.004530538768529102	0.034428324530654586	0.034428324530654586	3prime
GTGGC	3815968	0.1362645186446759	4548281	0.13955309310278655	8364249	0.003288574458110649	0.034403898017382896	0.034403898017382896	3prime
TGTTC	4623128	0.16508741990308176	5510284	0.16906984772374337	10133412	0.003982427820661605	0.034388996269773965	0.034388996269773965	3prime
CTAAC	2431254	0.08681772384174678	2897717	0.0889094957603823	5328971	0.002091771918635521	0.03434752084259761	0.03434752084259761	3prime
GTCCT	2657424	0.09489403532597998	3167139	0.0971760636021535	5824563	0.00228202827617352	0.03428322824262923	0.03428322824262923	3prime
CTTAC	2597348	0.09274877959477427	3095441	0.09497618244501224	5692789	0.0022274028502379667	0.03423710501856697	0.03423710501856697	3prime
GAATC	4093967	0.14619159348353755	4878834	0.14969531905241576	8972801	0.0035037255688782076	0.034168524512838985	0.034168524512838985	3prime
ACTTC	4037447	0.14417331906567107	4810980	0.1476133818151614	8848427	0.0034400627494903246	0.03401907896854029	0.03401907896854029	3prime
GATCC	2249906	0.08034196253369215	2680942	0.08225827483595909	4930848	0.001916312302266937	0.03400669397257732	0.03400669397257732	3prime
GTACC	1651428	0.05897089322980167	1967772	0.06037636397598489	3619200	0.0014054707461832253	0.033980260305741104	0.033980260305741104	3prime
GCTAA	863272	0.030826606391727247	981322	0.03010951179793261	1844594	-0.0007170945937946364	-0.03395564557775371	0.03395564557775371	3prime
GCCGG	877994	0.03135231474239657	998185	0.030626912505802743	1876179	-0.0007254022365938244	-0.033770934922019595	0.033770934922019595	3prime
GGTTT	4391267	0.15680788832486275	5231471	0.1605151395719675	9622738	0.003707251247104748	0.03371102731938433	0.03371102731938433	3prime
ACTGA	1432987	0.051170576844218336	1629233	0.04998910677135654	3062220	-0.001181470072861797	-0.033700082052707435	0.033700082052707435	3prime
CATCT	4679394	0.16709662422713828	5573694	0.1710154314802544	10253088	0.003918807253116108	0.03344372628954044	0.03344372628954044	3prime
AGTCC	3075374	0.10981862472702901	3662856	0.11238595073393672	6738230	0.0025673260069077053	0.033338647280250516	0.033338647280250516	3prime
ATTGC	3912483	0.13971097574730118	4659788	0.14297441794015092	8572271	0.0032634421928497415	0.03331143266152595	0.03331143266152595	3prime
TTGGC	3617025	0.12916045694061346	4307851	0.13217607524159836	7924876	0.0030156183009849014	0.0332963581308229	0.0332963581308229	3prime
CATGA	1455291	0.05196703106601759	1655166	0.050784798674173126	3110457	-0.001182232391844465	-0.033199270128621144	0.033199270128621144	3prime
GGAGT	3406646	0.12164802676091899	4056785	0.12447271723162838	7463431	0.002824690470709393	0.03311636952855047	0.03311636952855047	3prime
GATTG	2877877	0.1027661982814279	3427097	0.10515225130401586	6304974	0.0023860530225879584	0.03311360661115522	0.03311360661115522	3prime
TCTTG	4720980	0.1685816199798169	5621773	0.17249062027428202	10342753	0.003909000294465115	0.03307046743140667	0.03307046743140667	3prime
CAAGA	1580912	0.05645283521758879	1798283	0.0551760005426574	3379195	-0.001276834674931386	-0.0330045614974612	0.0330045614974612	3prime
TTCCT	6553652	0.23402456077847544	7803735	0.23943889065000035	14357387	0.005414329871524903	0.03299741239243235	0.03299741239243235	3prime
CGACG	119519	0.004267907645948031	135957	0.004171514442264133	255476	-9.639320368389805e-05	-0.03294990831225496	0.03294990831225496	3prime
CGCAT	438271	0.015650232614875373	521852	0.016011776920088133	960123	0.0003615443052127597	0.0329472390422171	0.0329472390422171	3prime
CGTGC	825824	0.029489374608283093	983313	0.03017060085737455	1809137	0.0006812262490914558	0.03294709694780363	0.03294709694780363	3prime
GTGGG	4958283	0.17705548010336553	5640387	0.17306174621725154	10598670	-0.003993733886113987	-0.03291444487560215	0.03291444487560215	3prime
AAGTC	3739140	0.1335210652303828	4452046	0.13660035295442136	8191186	0.003079287724038565	0.032893598095509326	0.032893598095509326	3prime
AGAGT	4007307	0.14309704887893196	4771318	0.14639644847734812	8778625	0.0032993995984161584	0.03288640822659439	0.03288640822659439	3prime
TGTCT	5386143	0.1923339459991254	6412860	0.19676322738967442	11799003	0.004429281390549017	0.03284704142404038	0.03284704142404038	3prime
GACAT	3076035	0.10984222839635333	3662353	0.11237051738541874	6738388	0.0025282889890654164	0.03283047108031953	0.03283047108031953	3prime
CTCGG	971110	0.03467739684951006	1156118	0.03547270779703528	2127228	0.0007953109475252185	0.0327129264684447	0.0327129264684447	3prime
ATTGA	1586912	0.05666708940207566	1805635	0.0554015790283516	3392547	-0.001265510373724063	-0.03258342566749324	0.03258342566749324	3prime
TGACC	2891477	0.10325184109959819	3442017	0.10561003571731256	6333494	0.0023581946177143737	0.03257911620842277	0.03257911620842277	3prime
CCGCC	1160228	0.041430617326475225	1381134	0.04237678403982164	2541362	0.0009461667133464149	0.032576011753877185	0.032576011753877185	3prime
GTTCC	3068210	0.10956280523075165	3652378	0.11206445843618049	6720588	0.002501653205428833	0.03257039168653123	0.03257039168653123	3prime
GCCAA	1037598	0.03705161888587074	1180672	0.036226088392483494	2218270	-0.0008255304933872457	-0.03250665648432869	0.03250665648432869	3prime
TCATG	4531639	0.16182043638899496	5394077	0.16550431465967025	9925716	0.0036838782706752893	0.03247481181242792	0.03247481181242792	3prime
CTATC	2394698	0.08551234451372969	2850219	0.08745213355778397	5244917	0.0019397890440542853	0.032360505919051485	0.032360505919051485	3prime
GTAAA	1573151	0.056175697429955	1790354	0.054932718195939596	3363505	-0.0012429792340154025	-0.03227986824048243	0.03227986824048243	3prime
TATTC	5417502	0.1934537454943461	6447649	0.19783064441073203	11865151	0.0043768989163859295	0.03227709377091925	0.03227709377091925	3prime
CAGGA	1919051	0.068527451165624	2184161	0.06701574141625713	4103212	-0.001511709749366874	-0.03218154106757264	0.03218154106757264	3prime
TTGAA	2249153	0.08031507363353903	2559970	0.07854653917608444	4809123	-0.0017685344574545903	-0.03212266490968093	0.03212266490968093	3prime
CCTGA	1281215	0.045750945829561046	1458314	0.04474486721798787	2739529	-0.0010060786115731746	-0.032078663015507373	0.032078663015507373	3prime
GAAAT	7007177	0.25021949894837797	8338017	0.25583205230583095	15345194	0.005612553357452976	0.03200267996453382	0.03200267996453382	3prime
GAATT	4935671	0.1762480275000959	5873030	0.18019983866112463	10808701	0.003951811161028718	0.03199042843337674	0.03199042843337674	3prime
GACCC	2330517	0.08322050321130421	2773007	0.08508306853637207	5103524	0.001862565325067858	0.031932673814374216	0.031932673814374216	3prime
TCACC	4145381	0.14802753759040566	4932279	0.1513351506857028	9077660	0.003307613095297146	0.03188132326347974	0.03188132326347974	3prime
ACGCT	497059	0.017749495114477883	591327	0.018143450654256293	1088386	0.00039395553977841086	0.031669111832435835	0.031669111832435835	3prime
AGACG	819406	0.02926019404894362	974806	0.029909583967031708	1794212	0.0006493899180880884	0.03166743544964982	0.03166743544964982	3prime
CCAAA	1785324	0.06375218961081101	2032756	0.06237024214714263	3818080	-0.001381947463668383	-0.031616531659497356	0.031616531659497356	3prime
TCGTT	650268	0.023220440006319783	773554	0.023734649064565922	1423822	0.0005142090582461387	0.031598062325663506	0.031598062325663506	3prime
GGTAA	921906	0.0329203697005946	1049710	0.032207833544349196	1971616	-0.0007125361562454052	-0.03156794674745614	0.03156794674745614	3prime
CTGAA	1870371	0.06678913554882039	2129746	0.06534614765958552	4000117	-0.001442987889234873	-0.03151077699706199	0.03151077699706199	3prime
AAGCT	3857394	0.13774380095243485	4588234	0.1407789550776152	8445628	0.0030351541251803504	0.03144406412685991	0.03144406412685991	3prime
CCCCG	1044830	0.03730986659623893	1189781	0.03650557620888562	2234611	-0.0008042903873533083	-0.03143949802347058	0.03143949802347058	3prime
GTATC	2095097	0.07481388319265374	2491992	0.07646079729625309	4587089	0.0016469141035993506	0.03141381312734232	0.03141381312734232	3prime
GCTGT	3378741	0.12065156625790123	4018487	0.12329763496216208	7397228	0.0026460687042608455	0.03129822602988265	0.03129822602988265	3prime
GTCTT	3582378	0.12792324615229392	4260640	0.1307275189456097	7843018	0.0028042727933157707	0.031284173438570075	0.031284173438570075	3prime
TGGTT	3752729	0.13400631524921486	4462958	0.13693516150119708	8215687	0.0029288462519822256	0.03119172019730023	0.03119172019730023	3prime
GACTT	3003164	0.10724007561672934	3571183	0.10957318461328326	6574347	0.002333108996553923	0.031050348628000615	0.031050348628000615	3prime
GGATG	3304546	0.11800213472156715	3929531	0.12056823346958687	7234077	0.0025660987480197184	0.031036626285856735	0.031036626285856735	3prime
GACGG	789031	0.028175532239978755	938153	0.028784974576913463	1727184	0.0006094423369347075	0.03087199061736681	0.03087199061736681	3prime
TTAAA	3932146	0.14041312241889545	4479724	0.13744958599672877	8411870	-0.0029635364221666793	-0.030774987208701334	0.030774987208701334	3prime
ACACT	3617512	0.12917784723858763	4300861	0.13196160385762087	7918373	0.0027837566190332397	0.030759299115726873	0.030759299115726873	3prime
GCACG	840337	0.030007619771526124	999062	0.030653821147254567	1839399	0.0006462013757284439	0.03073702283043975	0.03073702283043975	3prime
ATGCC	3765966	0.13447899568922367	4477288	0.13737484317965162	8243254	0.002895847490427955	0.03073675267349299	0.03073675267349299	3prime
ACCAC	3946282	0.14091790527754655	4690998	0.14393202193069987	8637280	0.0030141166531533203	0.030532448861744776	0.030532448861744776	3prime
GAGTC	2783480	0.09939537290592647	3308738	0.10152068928167099	6092218	0.002125316375744521	0.03052286820850203	0.03052286820850203	3prime
CTTTG	6148246	0.219547905459127	7308200	0.2242345877516769	13456446	0.0046866822925498985	0.030472920020401507	0.030472920020401507	3prime
AAACT	6639320	0.23708368202457922	7891545	0.24213312988133973	14530865	0.005049447856760508	0.030403994240214203	0.030403994240214203	3prime
TACCC	2346235	0.08378177775659836	2788737	0.08556570585682496	5134972	0.0017839281002266089	0.03039583435005223	0.03039583435005223	3prime
TCGCT	643275	0.02297072675430032	764587	0.023459518177566484	1407862	0.000488791423266164	0.030375572568499827	0.030375572568499827	3prime
GAACC	2417174	0.08631494068881757	2872837	0.08814611263686875	5290011	0.0018311719480511857	0.030286294529038728	0.030286294529038728	3prime
GTACT	1985194	0.07088935358637669	2359291	0.07238918540423656	4344485	0.0014998318178598702	0.030204785365649033	0.030204785365649033	3prime
AGAGG	5527523	0.19738248876625136	6569002	0.2015540701417505	12096525	0.004171581375499139	0.030172762176114636	0.030172762176114636	3prime
GTGTG	5716436	0.20412838889191323	6793008	0.2084271569570952	12509444	0.004298768065181979	0.03006628236405582	0.03006628236405582	3prime
TCATC	4496395	0.160561907309319	5343058	0.16393891901744606	9839453	0.00337701170812707	0.0300285454517036	0.0300285454517036	3prime
TATGA	1519338	0.05425408735832285	1731839	0.053137325773415664	3251177	-0.001116761584907186	-0.030005648035019598	0.030005648035019598	3prime
ACGGG	777474	0.027762842971626265	886236	0.027192025958607473	1663710	-0.0005708170130187921	-0.02997057532890542	0.02997057532890542	3prime
GGCCC	2853331	0.10188968441269206	3390340	0.10402445092334917	6243671	0.00213476651065711	0.02991438624375203	0.02991438624375203	3prime
GATCG	576715	0.02059393366772579	657421	0.02017138651299844	1234136	-0.00042254715472735127	-0.02990770614355088	0.02990770614355088	3prime
CAGCC	5663869	0.20225127227259287	6729272	0.20647157067251887	12393141	0.004220298399925992	0.029794225006706143	0.029794225006706143	3prime
ATCCT	3819391	0.13638675065692565	4537733	0.1392294530229304	8357124	0.002842702366004757	0.02976071959835491	0.02976071959835491	3prime
CGAAC	417730	0.014916733414284516	496287	0.015227376214596819	914017	0.0003106428003123024	0.02973376642195465	0.02973376642195465	3prime
TGTCC	3488320	0.12456452613821598	4144297	0.12715781304774243	7632617	0.0025932869095264544	0.02972660128009336	0.02972660128009336	3prime
CAAGG	4262935	0.15222527699093424	5064511	0.1553923724376499	9327446	0.0031670954467156454	0.029707558361793236	0.029707558361793236	3prime
TTCAC	4873982	0.174045173102294	5790337	0.1776626023012892	10664319	0.0036174291989951868	0.029678056005763655	0.029678056005763655	3prime
ACGAT	543649	0.019413178857018557	645835	0.019815897892860656	1189484	0.0004027190358420994	0.029620454662616827	0.029620454662616827	3prime
GGTCC	1952671	0.06972798877936552	2319697	0.07117433848332033	4272368	0.0014463497039548107	0.029618889313839356	0.029618889313839356	3prime
GATTC	3922662	0.1400744579712832	4659932	0.14297883623475646	8582594	0.0029043782634732562	0.02960749552762235	0.02960749552762235	3prime
CATGC	3917018	0.13987291620174253	4653148	0.14277068546667304	8570166	0.0028977692649305165	0.029582939246952444	0.029582939246952444	3prime
CAGGG	5097642	0.18203185491935017	6055221	0.18578993249778286	11152863	0.003758077578432689	0.029481228452811335	0.029481228452811335	3prime
TCGGC	640615	0.02287574073251113	760944	0.02334774146056649	1401559	0.00047200072805535925	0.029463263311999652	0.029463263311999652	3prime
GTAGG	2290061	0.08177585866337063	2720063	0.08345860888640015	5010124	0.0016827502230295222	0.029385514829767034	0.029385514829767034	3prime
ACTCC	4651581	0.16610344895494933	5524958	0.16952008421708892	10176539	0.003416635262139589	0.029374004913241825	0.029374004913241825	3prime
CATTG	3973698	0.14189690406452865	4719286	0.144799971359878	8692984	0.0029030672953493375	0.02921800050173271	0.02921800050173271	3prime
GTAAC	2173288	0.0776060080158561	2580970	0.0791908738060597	4754258	0.0015848657902036017	0.029165461636752286	0.029165461636752286	3prime
TCACT	4609347	0.1645953137503461	5473984	0.16795606929192897	10083331	0.003360755541582855	0.029160493747136793	0.029160493747136793	3prime
TCTAA	1402516	0.050082486968301684	1599635	0.049080963134308535	3002151	-0.0010015238339931495	-0.029142056970610702	0.029142056970610702	3prime
AGTCT	3545360	0.12660136925207133	4210215	0.12918034876863335	7755575	0.0025789795165620244	0.0290933846534449	0.0290933846534449	3prime
CATTT	8053230	0.2875730376892215	9563244	0.293425204004912	17616474	0.005852166315690521	0.029064280056543764	0.029064280056543764	3prime
TCCGG	578470	0.020656603016688205	659851	0.020245945234467003	1238321	-0.0004106577822212028	-0.028968605052539967	0.028968605052539967	3prime
AGTTT	5967029	0.2130768220341003	7085360	0.21739727684959653	13052389	0.0043204548154962275	0.028960065625778464	0.028960065625778464	3prime
GGCCA	1378337	0.04921907831385028	1572359	0.048244064497774956	2950696	-0.0009750138160753222	-0.028865591997614747	0.028865591997614747	3prime
CGCGT	149973	0.005355390468341971	171090	0.005249486278212747	321063	-0.00010590419012922354	-0.028810088207153146	0.028810088207153146	3prime
GGGTC	2257821	0.0806245995120611	2680688	0.08225048145519653	4938509	0.0016258819431354404	0.028803680891663755	0.028803680891663755	3prime
GGGTT	2804999	0.10016379553858869	3330292	0.10218202207283704	6135291	0.002018226534248352	0.028779969119802132	0.028779969119802132	3prime
AGTGG	4654809	0.16621871770620328	5526209	0.1695584681514746	10181018	0.0033397504452713223	0.028699815261707482	0.028699815261707482	3prime
GGACG	549447	0.019620219817294386	626873	0.01923409440459442	1176320	-0.00038612541269996553	-0.02867382389476166	0.02867382389476166	3prime
CTTGG	4065992	0.14519263334836743	4826899	0.14810181814728407	8892891	0.0029091847989166364	0.028620899516374754	0.028620899516374754	3prime
CAATG	4130079	0.1474811180019026	4902928	0.15043458565120738	9033007	0.002953467649304764	0.02860583763923234	0.02860583763923234	3prime
ATTCT	6849592	0.24459229133798363	8130895	0.24947701053298638	14980487	0.004884719195002746	0.028527824856947177	0.028527824856947177	3prime
GTGCT	3016057	0.1077004721501609	3579959	0.10984245512341007	6596016	0.0021419829732491624	0.028410941320838063	0.028410941320838063	3prime
TTGCT	4594462	0.16406378482766493	5453433	0.1673255111499946	10047895	0.0032617263223296833	0.028400434232526067	0.028400434232526067	3prime
CGTCT	803897	0.028706382691075765	917442	0.028149507218750716	1721339	-0.0005568754723250489	-0.028260886009048854	0.028260886009048854	3prime
AACGC	588611	0.02101872829750179	698564	0.021433760783525685	1287175	0.00041503248602389395	0.02820829542000064	0.02820829542000064	3prime
GTTGC	2947260	0.10524379796180351	3497775	0.10732083620770118	6445035	0.0020770382458976666	0.02819471796149692	0.02819471796149692	3prime
GTGTT	4058393	0.1449212804237148	4816426	0.14778047926253499	8874819	0.002859198838820187	0.02818606222471121	0.02818606222471121	3prime
TTGCC	3616392	0.12913785312415005	4291647	0.13167889436806887	7908039	0.0025410412439188235	0.02811196381051796	0.02811196381051796	3prime
CCAGT	3340766	0.11929551581525298	3964411	0.12163844260737434	7305177	0.0023429267921213637	0.028059202417504703	0.028059202417504703	3prime
TGGGT	3778687	0.13493325026936662	4484069	0.13758290189993078	8262756	0.0026496516305641593	0.028055083303529293	0.028055083303529293	3prime
GAGTT	3463312	0.12367151469727465	4109794	0.1260991712506931	7573106	0.0024276565534184363	0.028045327300403843	0.028045327300403843	3prime
TGAAC	4008074	0.14312443770551553	4756156	0.145931238874506	8764230	0.002806801168990458	0.028018528692089862	0.028018528692089862	3prime
GTCGG	409262	0.014614349341912023	467158	0.014333622717618275	876420	-0.0002807266242937489	-0.027980379592035323	0.027980379592035323	3prime
TGTAA	1845781	0.06591105048273165	2106940	0.06464640025143238	3952721	-0.0012646502312992636	-0.027949898260630733	0.027949898260630733	3prime
GGCGC	874993	0.031245151941122377	1038219	0.03185525977134701	1913212	0.0006101078302246342	0.02789836223066682	0.02789836223066682	3prime
CATAC	2807868	0.10026624474780417	3331438	0.10221718433407283	6139306	0.0019509395862686574	0.027801486552332243	0.027801486552332243	3prime
TCCCG	1047345	0.03739967480856969	1242598	0.038126139168476264	2289943	0.0007264643599065729	0.02775398351537613	0.02775398351537613	3prime
ATGAC	3346303	0.11949323671850362	3969955	0.1218085469496878	7316258	0.002315310231184184	0.02768617259383987	0.02768617259383987	3prime
CTTTT	8028252	0.28668109751920257	9524460	0.29223520999115193	17552712	0.005554112471949368	0.02768313344113067	0.02768313344113067	3prime
CCTCA	1633903	0.05834509246594622	1865466	0.057237349754353975	3499369	-0.0011077427115922453	-0.027653961348811873	0.027653961348811873	3prime
TGAAT	5966664	0.21306378823787736	7078036	0.2171725574767423	13044700	0.00410876923886494	0.027556266336617584	0.027556266336617584	3prime
ATGCT	3933003	0.14044372505824634	4665521	0.1431503212941342	8598524	0.0027065962358878426	0.027538547027438506	0.027538547027438506	3prime
ATGTG	5388811	0.19242921769316054	6392365	0.19613438747342	11781176	0.0037051697802594485	0.027514489280773706	0.027514489280773706	3prime
CGTTT	853682	0.030484156786855707	1012501	0.03106616462783731	1866183	0.0005820078409816028	0.027283612759068925	0.027283612759068925	3prime
TAGTT	3747913	0.13383434055713336	4444880	0.13638048143259265	8192793	0.0025461408754592907	0.027188636923137003	0.027188636923137003	3prime
CACGT	958936	0.03424267510918616	1095355	0.033608340886502566	2054291	-0.0006343342226835941	-0.026975293164746502	0.026975293164746502	3prime
GTCAT	2786324	0.09949692938937325	3303965	0.10137424122505805	6090289	0.0018773118356847918	0.02696693963135096	0.02696693963135096	3prime
ACCAT	3535915	0.1262640974566582	4192121	0.1286251777784061	7728036	0.0023610803217478937	0.02672838683372443	0.02672838683372443	3prime
CACAT	4854305	0.17334252650426923	5754896	0.17657518022410093	10609201	0.0032326537198316962	0.02665677916469518	0.02665677916469518	3prime
GATGG	4142319	0.14791819653825586	4910657	0.1506717314776397	9052976	0.0027535349393838504	0.02660905029835362	0.02660905029835362	3prime
ACATC	3547479	0.12667703668822594	4205392	0.12903236658194905	7752871	0.0023553298937231126	0.02657776552343061	0.02657776552343061	3prime
ACGCC	899012	0.03210284715065413	1065647	0.03269682216329756	1964659	0.0005939750126434315	0.02644835585280974	0.02644835585280974	3prime
GTAAT	3677856	0.13133267299003373	4359520	0.13376141457475035	8037376	0.0024287415847166205	0.026435935091494264	0.026435935091494264	3prime
ATCTG	4499526	0.1606737122845904	5333193	0.16363623515436482	9832719	0.0029625228697744144	0.026358177510686052	0.026358177510686052	3prime
TGAGT	4072320	0.1454186000949396	4826736	0.1480968168832514	8899056	0.0026782167883118158	0.026328640771252753	0.026328640771252753	3prime
TGATT	5344108	0.190832916891641	6334084	0.1943461747796301	11678192	0.0035132578879890908	0.026318531237893763	0.026318531237893763	3prime
GTGTC	2811788	0.10040622414833558	3332628	0.10225369662977142	6144416	0.0018474724814358384	0.026304035926445948	0.026304035926445948	3prime
TCAGA	1753965	0.06263239011559031	2004428	0.06150106541390742	3758393	-0.0011313247016828884	-0.026297107785573245	0.026297107785573245	3prime
GAAAA	3420060	0.12212702769937016	3908458	0.1199216590097074	7328518	-0.0022053686896627567	-0.026290051562418953	0.026290051562418953	3prime
TAAGC	2641606	0.09432918987761105	3130674	0.0960572225411036	5772280	0.001728032663492557	0.026189541521357912	0.026189541521357912	3prime
GCGCC	876370	0.03129432327646212	1038577	0.03186624414265802	1914947	0.0005719208661958963	0.026127182032262355	0.026127182032262355	3prime
GAAGT	3652837	0.13043926874975417	4328800	0.13281884505890082	7981637	0.002379576309146647	0.02608140207172051	0.02608140207172051	3prime
ATTAC	5011891	0.17896976982369434	5939276	0.18223243827528374	10951167	0.003262668451589401	0.026063725242184012	0.026063725242184012	3prime
GGGAC	2645564	0.0944705262213109	3134983	0.09618943387065425	5780547	0.0017189076493433486	0.02601385960950845	0.02601385960950845	3prime
GGTTG	2647929	0.09455497807902948	3137588	0.0962693620473726	5785517	0.0017143839683431278	0.02592304389080945	0.02592304389080945	3prime
AACCT	3641258	0.13002579388272523	4314560	0.13238192481457473	7955818	0.0023561309318494983	0.02590810873024927	0.02590810873024927	3prime
CTTAT	3464327	0.12370775936348366	4104387	0.12593327042477517	7568714	0.002225511061291513	0.02572328043042708	0.02572328043042708	3prime
CGCGC	370038	0.01321369831985975	438390	0.01345094563975502	808428	0.0002372473198952712	0.02567136408356775	0.02567136408356775	3prime
TCTTT	8376971	0.29913351501254964	9924304	0.30450346407628665	18301275	0.005369949063737001	0.025668995967604476	0.025668995967604476	3prime
AGCAC	3818293	0.13634754214116454	4523364	0.1387885747230202	8341657	0.0024410325818556566	0.02559992810232713	0.02559992810232713	3prime
TACGC	302379	0.010797661008493376	358211	0.01099084533990804	660590	0.00019318433141466383	0.02558117509263396	0.02558117509263396	3prime
CATGG	4502732	0.16078819543716788	5333659	0.16365053324662998	9836391	0.002862337809462101	0.02545665412126241	0.02545665412126241	3prime
ACATG	4572837	0.16329157703774344	5416562	0.16619421295276518	9989399	0.0029026359150217396	0.025419617377429638	0.025419617377429638	3prime
AATCT	4896071	0.17483394988248246	5799431	0.1779416298786699	10695502	0.00310767999618744	0.025418568274609914	0.025418568274609914	3prime
ACCCC	3219586	0.11496829546923282	3813586	0.11701073924708773	7033172	0.0020424437778549104	0.02540465994780775	0.02540465994780775	3prime
TGAGG	5366485	0.19163197787268485	6355825	0.19501324521726304	11722310	0.0033812673445781927	0.02523365848233606	0.02523365848233606	3prime
CGATT	702212	0.02507530989948426	831633	0.025516663872867506	1533845	0.0004413539733832475	0.02517119307238483	0.02517119307238483	3prime
GATAA	1462617	0.052228635425276074	1672810	0.051326162493758064	3135427	-0.00090247293151801	-0.02514612678973466	0.02514612678973466	3prime
ACAAC	3424807	0.12229653846833005	4055906	0.12444574722497372	7480713	0.002149208756643664	0.02513315535662342	0.02513315535662342	3prime
CCCCC	3534291	0.12620610599072377	4185394	0.12841877591860404	7719685	0.002212669927880273	0.025074244034317156	0.025074244034317156	3prime
TGATG	4715104	0.16837179371514274	5583306	0.1713103526451745	10298410	0.002938558930031754	0.02496171930375591	0.02496171930375591	3prime
TTAGA	1557655	0.055622350289486866	1781777	0.05466955352349684	3339432	-0.0009527967659900272	-0.024926660810265344	0.024926660810265344	3prime
GCAAA	1667743	0.05955348606645226	1907944	0.05854068529778679	3575687	-0.0010128007686654728	-0.024745907566416456	0.024745907566416456	3prime
ATGGT	3969151	0.14173453510171835	4699289	0.1441864113791344	8668440	0.002451876277416054	0.024743704554099983	0.024743704554099983	3prime
GTTAC	2190925	0.0782358081911553	2593913	0.07958799871633446	4784838	0.0013521905251791533	0.024721512121267254	0.024721512121267254	3prime
GAATG	7334808	0.26191888440131517	8683905	0.2664447959483492	16018713	0.004525911547034023	0.024716479867293858	0.024716479867293858	3prime
GTTTT	7321574	0.26144631108839855	8667536	0.2659425524455842	15989110	0.004496241357185626	0.024599828029614954	0.024599828029614954	3prime
GGAGG	6281465	0.22430502682632006	7436039	0.22815702083555348	13717504	0.003851994009233417	0.02456498786039755	0.02456498786039755	3prime
GAGTG	4700258	0.16784165744466067	5564089	0.17072072509354427	10264347	0.0028790676488835987	0.02453723403450772	0.02453723403450772	3prime
TGTTT	7980567	0.28497831238799304	9446539	0.28984439100532805	17427106	0.004866078617335012	0.02442635172236479	0.02442635172236479	3prime
CCCGG	1128285	0.04028996375729779	1291142	0.03961559537216765	2419427	-0.0006743683851301446	-0.024351413915494575	0.024351413915494575	3prime
TGACT	3370458	0.12035578835621707	3989299	0.12240207119169931	7359757	0.0020462828354822354	0.024322241961214176	0.024322241961214176	3prime
TCTGT	6456942	0.2305711404148543	7642129	0.23448039816372496	14099071	0.003909257748870659	0.024255270183127703	0.024255270183127703	3prime
TTCGC	409647	0.014628097318749932	484826	0.014875722919637463	894473	0.0002476256008875303	0.02421600966934925	0.02421600966934925	3prime
GATAC	2294002	0.08191658795354775	2714832	0.08329810819833346	5008834	0.0013815202447857028	0.024127814049998603	0.024127814049998603	3prime
AGTAA	1546780	0.05523401458010438	1770320	0.054318022958943196	3317100	-0.0009159916211611829	-0.024125580301203937	0.024125580301203937	3prime
CAATT	4370456	0.15606474768597	5172151	0.15869504765529452	9542607	0.002630299969324512	0.02411225956278575	0.02411225956278575	3prime
AAATC	6190698	0.2210638252324332	7326201	0.22478690525997141	13516899	0.0037230800275382114	0.024094924522223338	0.024094924522223338	3prime
ATCTT	4775807	0.17053943900862734	5651751	0.1734104232998724	10427558	0.0028709842912450767	0.024085062195659163	0.024085062195659163	3prime
TTGAC	2806513	0.10021785901114089	3321126	0.10190078534815354	6127639	0.0016829263370126551	0.02402531021943984	0.02402531021943984	3prime
TCATT	6032280	0.21540687199942593	7138177	0.2190178398091872	13170457	0.0036109678097612785	0.02398400093921185	0.02398400093921185	3prime
AACAC	5105767	0.18232199079417616	6041660	0.185373845739826	11147427	0.003051854945649829	0.023948996512976772	0.023948996512976772	3prime
ACGTG	963302	0.03439858073743112	1139774	0.03497123135930596	2103076	0.0005726506218748373	0.023818866870453294	0.023818866870453294	3prime
GGACT	2559043	0.09138094517197924	3027618	0.09289519636840214	5586661	0.0015142511964229	0.023710374387109705	0.023710374387109705	3prime
TTTAC	4928442	0.17598988691681997	5830611	0.178898313391176	10759053	0.002908426474356046	0.023647124598562323	0.023647124598562323	3prime
TACCT	2891118	0.10323902155755971	3420242	0.10494192207123107	6311360	0.0017029005136713626	0.023602518816395055	0.023602518816395055	3prime
TGGCG	980362	0.035007776801988834	1159763	0.03558454587923812	2140125	0.0005767690772492881	0.023574711717564697	0.023574711717564697	3prime
TTGTC	3648208	0.13027397164642254	4315433	0.13240871072562085	7963641	0.002134739079198311	0.023448990296888725	0.023448990296888725	3prime
TCAGT	4067547	0.14524816089118028	4811242	0.14762142065673536	8878789	0.0023732597655550802	0.023382023089988335	0.023382023089988335	3prime
TCGCC	590592	0.02108946788741321	698568	0.021433883513931398	1289160	0.0003444156265181887	0.02336947561123801	0.02336947561123801	3prime
TGGAA	2539894	0.09069715294218934	2908551	0.08924191106424668	5448445	-0.001455241877942659	-0.023335596305601135	0.023335596305601135	3prime
AACAA	2933223	0.10474255029719645	3359029	0.10306374799005603	6292252	-0.0016788023071404173	-0.02331044982251296	0.02331044982251296	3prime
GAACT	3307187	0.11809644227177211	3911544	0.12001634551771234	7218731	0.001919903245940227	0.023265207029614876	0.023265207029614876	3prime
AGGGT	2875286	0.10267367618276033	3400702	0.1043423840393398	6275988	0.0016687078565794794	0.023258731046328245	0.023258731046328245	3prime
GTGGT	3385165	0.1208809610714252	4003302	0.12283171965948711	7388467	0.0019507585880619155	0.023095940207118033	0.023095940207118033	3prime
ATTTC	7349537	0.2624448427151997	8691161	0.2666674289043064	16040698	0.004222586189106703	0.0230272884844103	0.0230272884844103	3prime
AACTG	4586378	0.1637751130230996	5423600	0.1664101571016112	10009978	0.002635044078511589	0.023027209561824916	0.023027209561824916	3prime
GGTAT	2222196	0.0793524652916702	2627475	0.08061776818544064	4849671	0.0012653028937704425	0.02282251411661999	0.02282251411661999	3prime
ACTTT	6004095	0.2144004129677988	7099030	0.217816708011109	13103125	0.0034162950433102024	0.02280683255591897	0.02280683255591897	3prime
AGTGT	3823003	0.13651573167598677	4519819	0.1386798049009601	8342822	0.002164073224973334	0.022690334409826127	0.022690334409826127	3prime
CAGTC	3101524	0.11075241588108435	3666693	0.11250367987561362	6768217	0.0017512639945292674	0.02263381933007104	0.02263381933007104	3prime
TAATC	3808049	0.13598173883018394	4501822	0.1381276101230713	8309871	0.002145871292887347	0.022588638737226018	0.022588638737226018	3prime
TAGTG	2894109	0.10334582726852642	3421307	0.10497459904175124	6315416	0.0016287717732248186	0.02255992198446357	0.02255992198446357	3prime
ACTGG	3848284	0.13741849168232226	4549112	0.13957859034457273	8397396	0.002160098662250476	0.022501351111403587	0.022501351111403587	3prime
ACAGA	2319083	0.0828122061537337	2657411	0.08153628254177109	4976494	-0.0012759236119626177	-0.0224009756836974	0.0224009756836974	3prime
CGGGT	679153	0.024251895359470404	802779	0.024631348091281494	1481932	0.00037945273181108977	0.022397170621244755	0.022397170621244755	3prime
TAGGT	2556143	0.09127738898281058	3021340	0.09270257099664096	5577483	0.0014251820138303783	0.022351584374627594	0.022351584374627594	3prime
GGGGA	1291722	0.046126140615628336	1480234	0.045417429841276336	2771956	-0.0007087107743520005	-0.022338032115067435	0.022338032115067435	3prime
TTTTC	9644614	0.34439981787680135	11399736	0.34977355606550864	21044350	0.005373738188707289	0.022336777115136028	0.022336777115136028	3prime
TTTCC	7112395	0.25397673174560154	8406686	0.25793899586324864	15519081	0.003962264117647107	0.02233348306159938	0.02233348306159938	3prime
TAAAC	4498657	0.16064268113687055	5317116	0.16314295097121662	9815773	0.002500269834346064	0.022281262355363804	0.022281262355363804	3prime
TTTGC	5106431	0.1823457015905927	6034991	0.1851692234709067	11141422	0.002823521880313984	0.02216801939623163	0.02216801939623163	3prime
GTCAC	2874303	0.10263857420553521	3396968	0.10422781520560992	6271271	0.0015892410000747093	0.022167091102777967	0.022167091102777967	3prime
AAGTG	5215083	0.18622555919940426	6163382	0.18910859335077118	11378465	0.0028830341513669255	0.022163710312131886	0.022163710312131886	3prime
GGAAA	2388534	0.08529223404820015	2737563	0.08399555441137953	5126097	-0.001296679636820619	-0.022101154285310464	0.022101154285310464	3prime
TCGTC	468331	0.016723646079154674	553456	0.016981469855599476	1021787	0.0002578237764448016	0.02207061195617508	0.02207061195617508	3prime
ACTTG	4016891	0.143439284229619	4746975	0.1456495419108011	8763866	0.002210257681182104	0.022060817163947796	0.022060817163947796	3prime
CAATC	2983847	0.10655028426977381	3525982	0.10818630034616365	6509829	0.001636016076389843	0.02198317505289344	0.02198317505289344	3prime
ACCCG	794405	0.02836743257121751	938724	0.028802494342328504	1733129	0.000435061771110995	0.021957404951766	0.021957404951766	3prime
TTCTT	8445012	0.3015631931736617	9978561	0.3061682099819327	18423573	0.004605016808271023	0.021864067479799798	0.021864067479799798	3prime
TACTT	4050597	0.14464289282000484	4785807	0.14684100868942962	8836404	0.0021981158694247827	0.021759343851334195	0.021759343851334195	3prime
TAAGA	1629513	0.058188329820963315	1868093	0.05731795294830373	3497606	-0.0008703768726595826	-0.021742374385799353	0.021742374385799353	3prime
CAAAT	6512732	0.23256334724027486	7694199	0.23607804122004936	14206931	0.003514693979774497	0.02164002211558944	0.02164002211558944	3prime
CTGCG	756909	0.027028486754297462	894172	0.02743552308353527	1651081	0.00040703632923780667	0.021563548635917418	0.021563548635917418	3prime
ACTGT	4121349	0.1471693781634742	4868441	0.14937643477578086	8989790	0.0022070566123066626	0.021474907469639676	0.021474907469639676	3prime
CATTC	7033016	0.2511421845938707	8307826	0.25490571388613653	15340842	0.0037635292922658103	0.02145924807047706	0.02145924807047706	3prime
AAAGC	5719395	0.20423405191389601	6755324	0.20727091380490534	12474719	0.0030368618910093237	0.021294148072817418	0.021294148072817418	3prime
ATAGA	1628842	0.05816436906133153	1867956	0.05731374943190818	3496798	-0.0008506196294233506	-0.02125399475286895	0.02125399475286895	3prime
TACTG	3355447	0.11981976009566163	3962736	0.12158704924998345	7318183	0.0017672891543218244	0.021123544374322567	0.021123544374322567	3prime
TATGC	2801493	0.10003859967678684	3308507	0.10151360160074127	6110000	0.0014750019239544304	0.02111606641590612	0.02111606641590612	3prime
ACCTT	3817636	0.13632408130796325	4508510	0.1383328153614177	8326146	0.0020087340534544473	0.021102846938997447	0.021102846938997447	3prime
CATGT	4430204	0.15819829085509043	5231836	0.1605263387214885	9662040	0.002328047866398064	0.021075884673641267	0.021075884673641267	3prime
GGTCG	377468	0.013479016418316012	432981	0.013284983448634248	810449	-0.00019403296968176394	-0.020917231431758755	0.020917231431758755	3prime
AACTC	4258705	0.15207422779087099	5028372	0.15428353390466532	9287077	0.0022093061137943293	0.020808282468110086	0.020808282468110086	3prime
ACAGG	5231753	0.1868208287419703	6177242	0.18953385420655486	11408995	0.0027130254645845453	0.02080014178473012	0.02080014178473012	3prime
TGTTG	4977099	0.1777273812259164	5875546	0.18027703608631596	10852645	0.0025496548603995695	0.020549556859406484	0.020549556859406484	3prime
GGGCC	2758315	0.09849675514715772	3256213	0.09990908564169715	6014528	0.0014123304945394266	0.020539476749147485	0.020539476749147485	3prime
CGTAC	309421	0.011049124003019484	365266	0.0112073110929783	674687	0.0001581870899588153	0.020506344810259487	0.020506344810259487	3prime
ACGGC	536593	0.01916121593606198	633324	0.019432027866402538	1169917	0.00027081193034055734	0.020246299934759383	0.020246299934759383	3prime
GGGAA	1666603	0.059512777771399746	1912750	0.05868814588024685	3579353	-0.0008246318911528938	-0.020129986714713142	0.020129986714713142	3prime
AATTC	5669039	0.2024358879615591	6689643	0.20525564986055267	12358682	0.002819761898993578	0.019956761633404336	0.019956761633404336	3prime
TTCTG	7031582	0.2510909778437784	8297332	0.25458373066675744	15328914	0.0034927528229790616	0.019929956144564998	0.019929956144564998	3prime
TGTGT	6753077	0.24114583423535835	7968007	0.2444791829516811	14721084	0.003333348716322765	0.01980565750822722	0.01980565750822722	3prime
TCTGG	4796531	0.171279472961845	5659304	0.17364216898845353	10455835	0.0023626960266085184	0.01976497253520774	0.01976497253520774	3prime
CTGGA	1708949	0.0610249123874467	1961860	0.060194968436346134	3670809	-0.000829943951100566	-0.019755092451893826	0.019755092451893826	3prime
TATCT	4299970	0.15354776094467953	5073154	0.15565756216178683	9373124	0.002109801217107299	0.019688065343938056	0.019688065343938056	3prime
CGGTG	852088	0.03042723659184369	1005251	0.030843715767488705	1857339	0.00041647917564501674	0.019612624224338765	0.019612624224338765	3prime
GAAGA	2257729	0.08062131428123229	2592400	0.07954157594037482	4850129	-0.001079738340857464	-0.019451912916088294	0.019451912916088294	3prime
TCTCT	6946497	0.2480526749626006	8194005	0.25141338950906916	15140502	0.0033607145464685517	0.019414892470020314	0.019414892470020314	3prime
GTCTG	3385838	0.12090499324911845	3993785	0.12253971334170259	7379623	0.001634720092584141	0.019375394734133963	0.019375394734133963	3prime
TTAGC	3531046	0.1260902301859471	4165056	0.1277947531707737	7696102	0.001704522984826623	0.019371956552726312	0.019371956552726312	3prime
ATGGG	4137993	0.1477637192712408	4880810	0.14975594787283628	9018803	0.0019922286015954804	0.019321088844051624	0.019321088844051624	3prime
GGGGC	2992556	0.10686127421855653	3529741	0.10830163624492924	6522297	0.0014403620263727102	0.019315734978840992	0.019315734978840992	3prime
GACGC	428610	0.015305247668820736	505537	0.015511190277800208	934147	0.00020594260897947164	0.019281756190520825	0.019281756190520825	3prime
GATAT	3471510	0.12396425733134522	4094459	0.125628653557804	7565969	0.0016643962264587808	0.01924119178832339	0.01924119178832339	3prime
AGCCA	1597716	0.05705288977027505	1834831	0.05629738825962577	3432547	-0.0007555015106492785	-0.01923162801835114	0.01923162801835114	3prime
GTTAA	1313462	0.04690245494408582	1508440	0.0462828632971374	2821902	-0.0006195916469484211	-0.01918490596764721	0.01918490596764721	3prime
GAGGA	1758581	0.06279722300152223	2019673	0.06196882167266804	3778254	-0.0008284013288541864	-0.019157919071094705	0.019157919071094705	3prime
CAAAA	3528813	0.12601049192028724	4052745	0.12434875952186172	7581558	-0.001661732398425514	-0.019151592208852687	0.019151592208852687	3prime
ACAGT	4126893	0.14736734902994006	4866885	0.14932869264795984	8993778	0.0019613436180197785	0.01907435528789781	0.01907435528789781	3prime
AAAAC	8794451	0.31404132116914724	10370593	0.31819677158471665	19165044	0.004155450415569417	0.018964738568561842	0.018964738568561842	3prime
ATGTT	5980880	0.2135714278189883	7052700	0.21639518308697786	13033580	0.0028237552679895583	0.018949645104643885	0.018949645104643885	3prime
CCTAA	972090	0.034712391699642915	1116634	0.03426123596227607	2088724	-0.0004511557373668429	-0.018873026582466385	0.018873026582466385	3prime
ATAGC	2946229	0.10520698195110251	3473964	0.10659025278511351	6420193	0.001383270834011005	0.01884488723495165	0.01884488723495165	3prime
TAGGA	1274290	0.04550366079163243	1463869	0.04491530906891704	2738159	-0.0005883517227153884	-0.018774938898016243	0.018774938898016243	3prime
TCCAA	1573116	0.05617444761387882	1807191	0.055449321156172626	3380307	-0.0007251264577061919	-0.018743898861900227	0.018743898861900227	3prime
AAGGG	4531151	0.16180301038199002	5342143	0.16391084443714	9873294	0.002107834055149971	0.01867274279187578	0.01867274279187578	3prime
TTAGG	3287702	0.11740065180765094	3876113	0.11892923026653836	7163815	0.0015285784588874168	0.018662766069113865	0.018662766069113865	3prime
CGGCC	1146162	0.04092833409997646	1351161	0.041457134427238376	2497323	0.0005288003272619149	0.01852000310033608	0.01852000310033608	3prime
GTAGA	1071403	0.03825876267030061	1231068	0.03777236877401841	2302471	-0.0004863938962821959	-0.018458469911539675	0.018458469911539675	3prime
TTTCT	10404781	0.3715446446532752	12264507	0.3763069799844771	22669288	0.004762335331201906	0.018374425722509254	0.018374425722509254	3prime
CATAA	1721379	0.06146877563964202	1978029	0.060691075418825666	3699408	-0.0007777002208163575	-0.018369063659541753	0.018369063659541753	3prime
AGCAA	1919326	0.06853727114907965	2205492	0.06767023198730487	4124818	-0.0008670391617747741	-0.018367147158119705	0.018367147158119705	3prime
ATGTC	3590894	0.12822734425814228	4232346	0.129859385420823	7823240	0.0016320411626807307	0.018246198349109455	0.018246198349109455	3prime
TCTAT	4146826	0.14807913713983625	4887364	0.1499570416425914	9034190	0.0018779045027551566	0.018180753745583696	0.018180753745583696	3prime
GTATG	2458338	0.08778486723052059	2897324	0.08889743749802134	5355662	0.001112570267500751	0.01816936513258732	0.01816936513258732	3prime
ACTAA	1480205	0.05285668585806863	1701351	0.052201874621097294	3181556	-0.0006548112369713366	-0.01798401137345272	0.01798401137345272	3prime
TATCC	3077160	0.10988240105594461	3625875	0.11125127745055027	6703035	0.0013688763946056587	0.017861400067520013	0.017861400067520013	3prime
CCGTG	852131	0.030428772080165846	1004057	0.0308070807413844	1856188	0.00037830866121855294	0.01782528118011365	0.01782528118011365	3prime
GGAGA	1930303	0.06892924917959842	2219003	0.06808478461519038	4149306	-0.0008444645644080373	-0.017783616003748077	0.017783616003748077	3prime
AATCG	878556	0.031372383217676846	1010031	0.030990378602311647	1888587	-0.00038200461536519806	-0.01767418140681367	0.01767418140681367	3prime
CTGTA	1693190	0.06046217377189189	1946668	0.059728838355461174	3639858	-0.0007333354164307179	-0.017604891969821776	0.017604891969821776	3prime
GATGT	3088711	0.11029487607011261	3638747	0.11164622389612368	6727458	0.0013513478260110678	0.017568529049614742	0.017568529049614742	3prime
TGTAC	3237094	0.11559348917956555	3813348	0.117003436787948	7050442	0.0014099476083824503	0.017490616767092126	0.017490616767092126	3prime
CGTCC	564780	0.020167746385750626	665304	0.02041325746005058	1230084	0.0002455110742999554	0.0174556783305582	0.0174556783305582	3prime
CACAA	2240371	0.08000147692551174	2638989	0.08097104765827565	4879360	0.000969570732763908	0.017379294110638346	0.017379294110638346	3prime
TTAAC	3590198	0.12820249077274182	4228913	0.12975405205012278	7819111	0.0015515612773809584	0.017355166688170363	0.017355166688170363	3prime
ACATT	5896103	0.21054412331928085	6944663	0.21308032687656656	12840766	0.0025362035572857045	0.017274709876751712	0.017274709876751712	3prime
TGAAA	3004881	0.10730138802252333	3455714	0.10603029530906356	6460595	-0.001271092713459765	-0.01719204231006418	0.01719204231006418	3prime
TCGGT	402777	0.014382776277512447	463251	0.014213745793841447	866028	-0.00016903048367099965	-0.017054187599534313	0.017054187599534313	3prime
TTACT	3854137	0.13762749663928922	4538745	0.13926050381557495	8392882	0.0016330071762857279	0.017017289658546316	0.017017289658546316	3prime
TAGGG	2479472	0.0885395418863449	2919885	0.08958966766882476	5399357	0.0010501257824798577	0.017010256806257326	0.017010256806257326	3prime
CTCCG	794925	0.028386001267206373	936094	0.028721799100574458	1731019	0.00033579783336808514	0.016965895482462474	0.016965895482462474	3prime
ACGTT	742663	0.026519775902264096	874416	0.026829357609735684	1617079	0.000309581707471588	0.016743299635892727	0.016743299635892727	3prime
GTGGA	1374599	0.049085597956914945	1581348	0.048519870402005796	2955947	-0.0005657275549091484	-0.01672375057133401	0.01672375057133401	3prime
GTACG	286235	0.010221174416100659	337000	0.010340036681031598	623235	0.00011886226493093913	0.016678709298977402	0.016678709298977402	3prime
CTTAA	1575387	0.0562555428227071	1812465	0.055611141196100694	3387852	-0.0006444016266064084	-0.016621011001957925	0.016621011001957925	3prime
GCGTC	409871	0.01463609614163744	482487	0.01480395631489879	892358	0.00016786017326134856	0.01645086828869576	0.01645086828869576	3prime
GACAA	1378305	0.04921793562486635	1585985	0.048662145624824626	2964290	-0.000555790000041724	-0.016383879137453688	0.016383879137453688	3prime
GTATT	3924938	0.14015573172526521	4620009	0.14175389473797065	8544947	0.0015981630127054336	0.016357513040522183	0.016357513040522183	3prime
CCACG	970124	0.03464218774519271	1141833	0.03503440683564496	2111957	0.00039221909045224906	0.01624196115520059	0.01624196115520059	3prime
CGAGC	485556	0.017338734133785776	571476	0.017534370333321107	1057032	0.00019563619953533173	0.016186121291367886	0.016186121291367886	3prime
CACCG	851897	0.030420416166970856	1002582	0.030761823904278993	1854479	0.0003414077373081366	0.01610062856373578	0.01610062856373578	3prime
AATGG	7681281	0.2742910994116027	9039786	0.27736415082693144	16721067	0.0030730514153287647	0.016073465526567646	0.016073465526567646	3prime
CAACC	2776404	0.09914269580435493	3267344	0.10025061367818547	6043748	0.0011079178738305356	0.016032514265163916	0.016032514265163916	3prime
CCAAT	2894744	0.1033685025030513	3406435	0.10451828739332304	6301179	0.0011497848902717461	0.015958588957214685	0.015958588957214685	3prime
GGACC	1947027	0.06952644700982485	2291117	0.07029742973452544	4238144	0.0007709827247005807	0.015909848047155232	0.015909848047155232	3prime
AGCGT	511224	0.01825531353502068	601558	0.018457364349459958	1112782	0.00020205081443927866	0.015879243268061893	0.015879243268061893	3prime
CGTGT	810400	0.0289385985180288	953561	0.029257732099706737	1763961	0.0003191335816779377	0.01582234561131988	0.01582234561131988	3prime
TGCGT	639220	0.02282592663461793	752050	0.023074850403471254	1391270	0.0002489237688533229	0.01564718434817042	0.01564718434817042	3prime
GCGGC	655658	0.023412911682050504	771365	0.023667484850041356	1427023	0.0002545731679908514	0.015601373473756001	0.015601373473756001	3prime
GTTTG	4478735	0.1599312858263126	5268771	0.16165960060520929	9747506	0.001728314778896678	0.01550690498221794	0.01550690498221794	3prime
AGGGG	3974604	0.14192925644638615	4576454	0.14041751403280053	8551058	-0.0015117424135856206	-0.015449007414921714	0.015449007414921714	3prime
CGACT	343624	0.01227047998168698	404207	0.012402122275162429	747831	0.00013164229347544833	0.015394086920449164	0.015394086920449164	3prime
ATGAT	4667107	0.1666578673663399	5489486	0.1684317109792564	10156593	0.0017738436129165203	0.015274268012318341	0.015274268012318341	3prime
CCCAA	1757088	0.06274390941861574	2066631	0.06340961527049557	3823719	0.0006657058518798331	0.01522595935494898	0.01522595935494898	3prime
ATGAA	2572399	0.09185787498664705	2962596	0.09090015225839015	5534995	-0.0009577227282568934	-0.01512053263835801	0.01512053263835801	3prime
AACTT	4586089	0.16376479311321346	5393359	0.16548228455184538	9979448	0.001717491438631924	0.015051455108767813	0.015051455108767813	3prime
TTATC	3836996	0.13701540814324092	4512188	0.13844566596946767	8349184	0.001430257826226744	0.014981640806763855	0.014981640806763855	3prime
TTCGT	760878	0.02717021589733554	894747	0.02745316557935602	1655625	0.0002829496820204794	0.014945936959281585	0.014945936959281585	3prime
TTGGG	5183745	0.18510650959382924	6095446	0.18702414014019977	11279191	0.0019176305463705356	0.014868787083478436	0.014868787083478436	3prime
CCGAC	363437	0.012977983007893427	427310	0.0131109824159395	790747	0.0001329994080460726	0.014708482059140549	0.014708482059140549	3prime
AATGC	4735847	0.16911250613994466	5568126	0.17084459075550665	10303973	0.0017320846155619851	0.014701130406545476	0.014701130406545476	3prime
TTGTG	4804121	0.17155050450522094	5648066	0.17329735791361248	10452187	0.0017468534083915355	0.014616205950162298	0.014616205950162298	3prime
AGACC	3563194	0.12723820410642783	4105261	0.12596008701842273	7668455	-0.0012781170880050985	-0.014565140017908446	0.014565140017908446	3prime
ATAGG	2939535	0.10496794569927666	3455753	0.10603149193051925	6395288	0.001063546231242593	0.014543842783864686	0.014543842783864686	3prime
TGTGG	5068846	0.1810035776699361	5958553	0.1828239067829996	11027399	0.0018203291130634847	0.014436442399676957	0.014436442399676957	3prime
CTACG	398522	0.014230834351680497	468471	0.014373908973292443	866993	0.00014307462161194592	0.014431196578392685	0.014431196578392685	3prime
AGTTG	3442252	0.12291948250972566	4045869	0.12413778595444695	7488121	0.0012183034447212915	0.014228606730149336	0.014228606730149336	3prime
ATACT	3494443	0.12478317253348484	4106911	0.1260107133107779	7601354	0.0012275407772930624	0.014122888247851177	0.014122888247851177	3prime
GACGT	466306	0.01665133529189035	547997	0.016813973534407334	1014303	0.00016263824251698533	0.014021995866873646	0.014021995866873646	3prime
TTACC	2681743	0.09576244324473607	3151316	0.09669057279976785	5833059	0.0009281295550317842	0.013915130034732008	0.013915130034732008	3prime
TTGGT	3655543	0.13053589738695776	4295303	0.13179106995888742	7950846	0.0012551725719296691	0.013805910054987765	0.013805910054987765	3prime
TCAAA	2634043	0.09405912247806532	3036447	0.09316609305640461	5670490	-0.0008930294216607099	-0.013762730860038151	0.013762730860038151	3prime
ACTAT	3289584	0.11746785620351834	3864810	0.11858242482260452	7154394	0.0011145686190861814	0.013624054487968173	0.013624054487968173	3prime
CCAGA	1533112	0.054745943547843255	1767594	0.054234382187452114	3300706	-0.0005115613603911412	-0.013544076129343436	0.013544076129343436	3prime
GAAGG	5130700	0.18321232405781143	6027248	0.1849316480880544	11157948	0.001719324030242969	0.013475515006475628	0.013475515006475628	3prime
AACGA	298181	0.01064775449741405	343814	0.010549107927157856	641995	-9.86465702561938e-05	-0.013426941702584088	0.013426941702584088	3prime
TATTG	4150590	0.14821354593157104	4875666	0.1495981165710938	9026256	0.001384570639522742	0.01341461348959715	0.01341461348959715	3prime
CCGGC	831297	0.02968481013356588	976490	0.029961253467835444	1807787	0.00027644333426956463	0.013372648125456358	0.013372648125456358	3prime
TTGTT	6197718	0.22131450262828284	7280178	0.22337479989447848	13477896	0.0020602972661956376	0.013368383415915196	0.013368383415915196	3prime
AACGG	730616	0.026089589208845174	858215	0.026332268784010484	1588831	0.00024267957516531033	0.0133570909866381	0.0133570909866381	3prime
ACGGT	520453	0.018584872179792256	611270	0.018755353774522802	1131723	0.00017048159473054617	0.013173004757660832	0.013173004757660832	3prime
CCCGC	944296	0.03371989489903816	1109023	0.034027710682812184	2053319	0.0003078157837740278	0.013109666298243203	0.013109666298243203	3prime
GGGCG	1105534	0.03947754759875426	1275011	0.039120654328542365	2380545	-0.0003568932702118985	-0.013101536051939235	0.013101536051939235	3prime
CACGG	928091	0.033141230055769834	1089982	0.03344348326903318	2018073	0.0003022532132633468	0.013097574128247346	0.013097574128247346	3prime
GAGAA	2551692	0.09111844808695206	2942943	0.0902971470925376	5494635	-0.0008213009944144645	-0.013062624552600172	0.013062624552600172	3prime
CGAGG	954424	0.03408155596245202	1120846	0.034390471079488255	2075270	0.00030891511703623475	0.013017295761816507	0.013017295761816507	3prime
TTCAT	6232659	0.22256221187164227	7319107	0.22456924288544547	13551766	0.002007031013803201	0.01295162822840641	0.01295162822840641	3prime
AGTCG	414720	0.014809249231733594	478387	0.014678157649046475	893107	-0.0001310915826871189	-0.012826736245773044	0.012826736245773044	3prime
AAGGT	3634308	0.1297776161190279	4267289	0.13093152756250043	7901597	0.0011539114434725162	0.012770863295621897	0.012770863295621897	3prime
CTTCG	611409	0.021832822780490462	717897	0.022026947516921483	1329306	0.0001941247364310207	0.012770329209513539	0.012770329209513539	3prime
TTAGT	4412692	0.1575729543086347	5181187	0.15897229564179244	9593879	0.0013993413331577498	0.012755352971645465	0.012755352971645465	3prime
AAGTT	4601024	0.16429810748743207	5401439	0.16573019997137872	10002463	0.0014320924839466564	0.012520581569106196	0.012520581569106196	3prime
CGATG	651507	0.023264683495416327	764828	0.02346691268451049	1416335	0.00020222918909416215	0.012485958418236402	0.012485958418236402	3prime
TAACT	3326156	0.1187738068760274	3904174	0.11979021474519244	7230330	0.0010164078691650424	0.012293246581194897	0.012293246581194897	3prime
CCGTC	675615	0.024125556808684636	792875	0.024327467606744594	1468490	0.00020191079805995799	0.012023413323267024	0.012023413323267024	3prime
CTTGA	1484709	0.053017519332556794	1713727	0.05258160249636272	3198436	-0.0004359168361940738	-0.01191083236789272	0.01191083236789272	3prime
AACCG	482008	0.017212038492692528	556380	0.017071185782173173	1038388	-0.0001408527105193555	-0.011854007346017869	0.011854007346017869	3prime
GTCCG	371927	0.013281152678942372	429353	0.013173666970655666	801280	-0.00010748570828670624	-0.011722493748931738	0.011722493748931738	3prime
ATTGT	4554641	0.1626418155142562	5344022	0.16396849704522207	9898663	0.0013266815309658786	0.01172036275834978	0.01172036275834978	3prime
TACGT	580227	0.020719343783712114	680765	0.020887641160719513	1260992	0.0001682973770073988	0.01167070600789117	0.01167070600789117	3prime
ATATG	4559409	0.16281207617286178	5349249	0.16412887500288306	9908658	0.0013167988300212818	0.011621289937504683	0.011621289937504683	3prime
ATTTT	13573216	0.4846863874907266	15923826	0.48858440635716516	29497042	0.003898018866438535	0.0115562308790048	0.0115562308790048	3prime
ATTTG	6559310	0.23422660247444654	7694880	0.2360989360716214	14254190	0.001872333597174869	0.011486551152429721	0.011486551152429721	3prime
CTAGA	1144657	0.040874592008701006	1321629	0.04055101584188459	2466286	-0.0003235761668164139	-0.011465992941610863	0.011465992941610863	3prime
TTGAT	4334142	0.15476800994339385	5084233	0.15599749470300095	9418375	0.0012294847596071024	0.011415484525053513	0.011415484525053513	3prime
CAACG	620254	0.022148669157454885	727534	0.022322635746877276	1347788	0.00017396658942239046	0.011286861478617306	0.011286861478617306	3prime
CTCGA	278927	0.009960212819395632	322098	0.009882804554560578	601025	-7.740826483505422e-05	-0.011254924507028061	0.011254924507028061	3prime
AAATG	8959005	0.3199173850148231	10507811	0.32240697678738073	19466816	0.002489591772557642	0.011183535048583469	0.011183535048583469	3prime
GCCGT	444466	0.015871450060358082	521274	0.0159940423764631	965740	0.0001225923161050184	0.01109997589660743	0.01109997589660743	3prime
AAGAA	4416572	0.1577115053479362	5179392	0.15891722037223027	9595964	0.0012057150242940629	0.010987483859427698	0.010987483859427698	3prime
TAATT	6732362	0.24040612166341735	7894850	0.24223453587905724	14627212	0.0018284142156398953	0.010930889342252314	0.010930889342252314	3prime
GGCAA	1254678	0.044803335280606295	1449214	0.04446565554499859	2703892	-0.00033767973560770714	-0.010914434779104906	0.010914434779104906	3prime
CATAT	4607883	0.16454303572933132	5403413	0.1657907674265964	10011296	0.001247731697265081	0.010898636330108557	0.010898636330108557	3prime
GTCAA	1083177	0.038679200798325375	1251166	0.03838902769750617	2334343	-0.0002901731008192049	-0.010863683158933029	0.010863683158933029	3prime
GTTGA	1182041	0.0422095384141773	1365552	0.04189868774437999	2547593	-0.0003108506697973093	-0.010663739287422066	0.010663739287422066	3prime
ACACC	3518534	0.12564343879323045	4125226	0.12657266515592064	7643760	0.0009292263626901887	0.010630452849002416	0.010630452849002416	3prime
CGTTG	615992	0.021996477268407696	722171	0.022158084955422166	1338163	0.00016160768701447073	0.010560226516151783	0.010560226516151783	3prime
GCCGC	638565	0.022802537219478114	748626	0.022969793176183858	1387191	0.00016725595670574397	0.010543045025331887	0.010543045025331887	3prime
GTTGT	3082480	0.11007237309952297	3613198	0.1108623141122552	6695678	0.0007899410127322204	0.010316519654019028	0.010316519654019028	3prime
TTCGG	567374	0.020260375611510457	655637	0.02011664875205197	1223011	-0.0001437268594584873	-0.010270426606804172	0.010270426606804172	3prime
AGAAA	4240167	0.151412253778868	4899918	0.15034223102091093	9140085	-0.001070022757957062	-0.010231581255573961	0.010231581255573961	3prime
TAAGG	3101872	0.1107648426237846	3635698	0.11155267264437156	6737570	0.0007878300205869659	0.010224952317966478	0.010224952317966478	3prime
ATACG	550099	0.01964350210534196	635723	0.019505635427226855	1185822	-0.0001378666781151061	-0.010160644491867064	0.010160644491867064	3prime
ACCGC	566406	0.020225809269746573	663813	0.020367509701322336	1230219	0.00014170043157576279	0.010071670595292697	0.010071670595292697	3prime
GTGAA	1892979	0.067596445315967	2187784	0.06712690448122857	4080763	-0.0004695408347384217	-0.010056117538224423	0.010056117538224423	3prime
AATAT	8174650	0.2919088282026211	9447906	0.2898863341214793	17622556	-0.0020224940811418013	-0.010030485274784715	0.010030485274784715	3prime
GGGGT	2606555	0.0930775526408694	3012633	0.09243541758601266	5619188	-0.0006421350548567323	-0.009987428592791715	0.009987428592791715	3prime
GCTCG	473463	0.016906904824952457	554831	0.017023658432562143	1028294	0.00011675360760968548	0.009927957056398597	0.009927957056398597	3prime
ATATC	3956449	0.1412809589931596	4635956	0.14224319018293327	8592405	0.0009622311897736768	0.009792475928429242	0.009792475928429242	3prime
ATAGT	3463773	0.12368797656044939	4058506	0.12452552198868494	7522279	0.0008375454282355532	0.009736114213552013	0.009736114213552013	3prime
TATAC	3645083	0.1301623809253356	4270736	0.13103729048962065	7915819	0.0008749095642850424	0.009664811127323304	0.009664811127323304	3prime
TCGCG	206239	0.007364594792398497	238447	0.007316174262557689	444686	-4.842052984080792e-05	-0.009515413782650615	0.009515413782650615	3prime
TGTAT	5338152	0.190620233904507	6253511	0.1918739855348207	11591663	0.0012537516303137153	0.00945780713933572	0.00945780713933572	3prime
TGCGG	683970	0.024423905760582624	801252	0.024584495758901866	1485222	0.00016058999831924242	0.009454451143524185	0.009454451143524185	3prime
ACTCG	755931	0.026993563322226098	885501	0.02716947424655834	1641432	0.00017591092433224056	0.009370868066700254	0.009370868066700254	3prime
GCAGA	1621039	0.05788573149440633	1874506	0.057514720471257615	3495545	-0.00037101102314871653	-0.009276364552098399	0.009276364552098399	3prime
TTATT	8898081	0.3177418480255432	10422402	0.31978640648206846	19320483	0.002044558456525236	0.009253472874585068	0.009253472874585068	3prime
ATCAT	5028029	0.17954604216190256	5887968	0.18065817536124704	10915997	0.0011121331993444727	0.008908642170676589	0.008908642170676589	3prime
AACCC	3456363	0.12342337264260807	4047440	0.1241859883212894	7503803	0.0007626156786813276	0.00888671127426142	0.00888671127426142	3prime
TATTT	11160229	0.39852096051365016	13068555	0.40097726429697	24228784	0.0024563037833198464	0.008864809106696929	0.008864809106696929	3prime
TTGGA	1724068	0.0615647972233229	1994290	0.06119000520063651	3718358	-0.0003747920226863863	-0.008809487733783625	0.008809487733783625	3prime
ACGCG	163473	0.0058374623834374665	189099	0.005802049247318677	352572	-3.5413136118789615e-05	-0.008777298871815413	0.008777298871815413	3prime
CGAAT	883482	0.03154828590314058	1034440	0.031739310220552895	1917922	0.00019102431741231662	0.008708877577583742	0.008708877577583742	3prime
TATGG	3023518	0.10796689722857035	3539966	0.10861536584452433	6563484	0.0006484686159539815	0.008639087980759887	0.008639087980759887	3prime
TTTGG	6312536	0.2254145421206854	7390773	0.22676814219934108	13703309	0.0013536000786556757	0.008637346737212573	0.008637346737212573	3prime
GGCGG	1419287	0.050681363122973284	1661579	0.05098156619712701	3080866	0.0003002030741537237	0.008520199601635596	0.008520199601635596	3prime
GGTGG	5125836	0.18303863533225406	5930682	0.1819687519986167	11056518	-0.0010698833336373614	-0.008457425226271584	0.008457425226271584	3prime
AATCC	4546698	0.16235817868302632	5322627	0.16331204278768297	9869325	0.0009538641046566432	0.008451067409654785	0.008451067409654785	3prime
AAGGA	2698741	0.09636942534938742	3122848	0.09581710050233282	5821589	-0.0005523248470545999	-0.008292258947401867	0.008292258947401867	3prime
AAAAT	15002005	0.5357070578238656	17560094	0.5387893652295633	32562099	0.003082307405697704	0.008277055993406864	0.008277055993406864	3prime
AATTT	9306864	0.332339092741727	10893743	0.3342483745214575	20200607	0.0019092817797304873	0.00826451368711337	0.00826451368711337	3prime
AACGT	739935	0.02642236166638406	866060	0.026572973792208382	1605995	0.00015061212582432107	0.008199957605625844	0.008199957605625844	3prime
ATTGG	3296134	0.11770175035491653	3857864	0.11836930347308985	7153998	0.0006675531181733196	0.008159153486324462	0.008159153486324462	3prime
TCAAT	4261820	0.15218546142165043	4988011	0.1530451534284543	9249831	0.0008596920068038583	0.008126763747880766	0.008126763747880766	3prime
TATAT	7961505	0.2842976268438782	9214050	0.28271102368207474	17175555	-0.0015866031618034793	-0.008073888860616555	0.008073888860616555	3prime
TGCCG	629638	0.02248376270199237	728745	0.02235979237720585	1358383	-0.00012397032478652162	-0.007976345841024133	0.007976345841024133	3prime
CGGAC	381258	0.01361435364485023	446124	0.01368824487919448	827382	7.389123434425014e-05	0.007808412014755499	0.007808412014755499	3prime
AACAT	5765329	0.20587431053226612	6745496	0.2069693651980769	12510825	0.0010950546658107796	0.0076533859198727626	0.0076533859198727626	3prime
TAATG	4416963	0.1577254675789586	5167271	0.15854531656032883	9584234	0.0008198489813702192	0.007479585777390215	0.007479585777390215	3prime
GTTGG	3268867	0.11672807221351586	3824117	0.1173338577227196	7092984	0.0006057855092037462	0.0074677520931352515	0.0074677520931352515	3prime
CCCGT	679817	0.02427560615588695	795261	0.024400676293750354	1475078	0.00012507013786340268	0.007413509911558301	0.007413509911558301	3prime
TTTTG	9896516	0.35339499414023734	11577026	0.3552132744725712	21473542	0.001818280332333888	0.0074038717527746215	0.0074038717527746215	3prime
CGACC	358541	0.01280315159335213	415150	0.012737881982582397	773691	-6.526961076973314e-05	-0.007372996511635227	0.007372996511635227	3prime
TAACC	2327398	0.08310912674440177	2722131	0.08352206050615199	5049529	0.00041293376175022267	0.007150300844601356	0.007150300844601356	3prime
TACAA	2249870	0.08034067700858522	2605822	0.07995339781673329	4855692	-0.0003872791918519275	-0.006971185754401443	0.006971185754401443	3prime
ATATT	7853789	0.28045119288784665	9184669	0.2818095381695365	17038458	0.0013583452816898767	0.006970697881740407	0.006970697881740407	3prime
AGTAT	3515936	0.12555066673134763	4111531	0.1261524669293725	7627467	0.00060180019802486	0.006898673880982767	0.006898673880982767	3prime
GTGCG	626662	0.02237749262648688	732585	0.022477613566687038	1359247	0.00010012094020015946	0.006440193585330487	0.006440193585330487	3prime
AGGGA	1921316	0.0686083321202678	2226453	0.06831336999582445	4147769	-0.00029496212444335423	-0.006215739800570903	0.006215739800570903	3prime
AGCGG	673538	0.024051389151821426	780543	0.023949089765941976	1454081	-0.00010229938587945006	-0.006149142438228886	0.006149142438228886	3prime
ATCGT	617164	0.022038328252444138	721292	0.022131114948767485	1338456	9.278669632334716e-05	0.006061069950942219	0.006061069950942219	3prime
ACAAT	4630896	0.16536480765393077	5410723	0.16601505724303062	10041619	0.0006502495890998439	0.005661824987649684	0.005661824987649684	3prime
CGGTC	382156	0.013646420354461767	446501	0.013699812219932609	828657	5.339186547084242e-05	0.005633144825182032	0.005633144825182032	3prime
TATGT	4907411	0.17523889029116269	5733538	0.17591986122281467	10640949	0.0006809709316519807	0.0055953554793933685	0.0055953554793933685	3prime
ATACC	2765596	0.09875675260003255	3206355	0.09837931249973017	5971951	-0.0003774401003023842	-0.0055243681733851925	0.0055243681733851925	3prime
AAATT	10531707	0.3760770490899723	12303450	0.3775018525318641	22835157	0.0014248034418917754	0.005455444278995333	0.005455444278995333	3prime
TTATG	4270726	0.15250348604949046	4989084	0.1530780758597859	9259810	0.0005745898102954283	0.005425415173639984	0.005425415173639984	3prime
TACCG	324502	0.011587651895727273	376252	0.011544390152259646	700754	-4.326174346762704e-05	-0.005395821049045592	0.005395821049045592	3prime
AAAGG	6951223	0.24822143584191475	8060251	0.2473094688377496	15011474	-0.000911967004165154	-0.0053102094627789104	0.0053102094627789104	3prime
CAGCG	846828	0.030239407090110186	989047	0.03034653489395922	1835875	0.00010712780384903448	0.005101771321270091	0.005101771321270091	3prime
CATCG	795985	0.02842385283979906	923161	0.028324981016313977	1719146	-9.887182348508258e-05	-0.005026958162675189	0.005026958162675189	3prime
TAAAT	8362088	0.29860205750792995	9764797	0.2996093743704074	18126885	0.0010073168624774587	0.004858641876605313	0.004858641876605313	3prime
TTGCG	474290	0.016936436193380897	550162	0.01688040136649764	1024452	-5.6034826883256256e-05	-0.004780840896603883	0.004780840896603883	3prime
GCCCG	964897	0.03445553664147388	1126625	0.03456778583313716	2091522	0.00011224919166327729	0.004692234359918291	0.004692234359918291	3prime
CCGGG	1488266	0.05314453635492677	1726597	0.052976487576733275	3214863	-0.0001680487781934928	-0.0045690997597393965	0.0045690997597393965	3prime
GCGCG	384912	0.013744834443202741	449364	0.013787656507819235	834276	4.28220646164941e-05	0.004487406735148005	0.004487406735148005	3prime
GTCGC	335699	0.011987485913010552	391909	0.012024787642808345	727608	3.730172979779338e-05	0.004481923115619571	0.004481923115619571	3prime
TGCAA	1821460	0.06504257114591405	2126161	0.06523615053346832	3947621	0.00019357938755426574	0.004287299369711804	0.004287299369711804	3prime
GACCG	397005	0.014176663752036063	463384	0.014217826579831293	860389	4.116282779523077e-05	0.004182590765972651	0.004182590765972651	3prime
TTAAT	6314495	0.2254844961119204	7369784	0.2261241450779815	13684279	0.0006396489660611127	0.004086790363963211	0.004086790363963211	3prime
AAAGA	4068866	0.14529526110273666	4722069	0.1448853610396504	8790935	-0.00040990006308624927	-0.004075786325367566	0.004075786325367566	3prime
GTTCA	1656872	0.05916529319319277	1922928	0.05900043339757485	3579800	-0.00016485979561791514	-0.004025507991972053	0.004025507991972053	3prime
TACGG	403561	0.014410772157618735	470971	0.014450615476860926	874532	3.9843319242191186e-05	0.0039830248841451815	0.0039830248841451815	3prime
TAAGT	3476810	0.12415351519430863	4056693	0.12446989443229707	7533503	0.00031637923798844003	0.003671700368365195	0.003671700368365195	3prime
ACGAC	373751	0.013346285951026384	436084	0.013380191560863449	809835	3.390560983706527e-05	0.003660177156430795	0.003660177156430795	3prime
TGACG	535542	0.019123685744746027	621702	0.01907543467261337	1157244	-4.825107213265664e-05	-0.0036444805147931286	0.0036444805147931286	3prime
ATAAC	3567597	0.12739543096881048	4162089	0.12770371789233861	7729686	0.0003082869235281338	0.0034869637729864223	0.0034869637729864223	3prime
ATTCG	1412145	0.050426329225372386	1647422	0.0505471926087194	3059567	0.00012086338334701269	0.003453690238701049	0.003453690238701049	3prime
ATCCG	481045	0.017177650696082385	558524	0.01713696927963351	1039569	-4.068141644887613e-05	-0.003420552799334057	0.003420552799334057	3prime
TCCGT	695415	0.024832595617491363	811230	0.0248906467559444	1506645	5.8051138453037165e-05	0.003368515611576686	0.003368515611576686	3prime
TTACG	448046	0.015999288390435257	520258	0.015962868853412866	968304	-3.6419537022391174e-05	-0.003287576630892784	0.003287576630892784	3prime
ATGGA	2808565	0.10029113394223539	3261296	0.1000650453047526	6069861	-0.00022608863748278807	-0.0032559398949235695	0.0032559398949235695	3prime
CGTGG	1075806	0.038415989532683235	1254645	0.03849577246787207	2330451	7.978293518883656e-05	0.002993027079525002	0.002993027079525002	3prime
GGGTG	3773992	0.13476559637000562	4383899	0.13450942571494878	8157891	-0.0002561706550568421	-0.0027449519628675403	0.0027449519628675403	3prime
TTTCG	715003	0.025532064111779548	830592	0.025484723284781588	1545595	-4.734082699795958e-05	-0.0026773821734602478	0.0026773821734602478	3prime
TAGCG	356226	0.012720485187170939	415348	0.01274395713766502	771574	2.3471950494081614e-05	0.00265941160800346	0.00265941160800346	3prime
GTTAT	2993677	0.10690130404202483	3490371	0.10709366222673275	6484048	0.0001923581847079192	0.002593628112904521	0.002593628112904521	3prime
AATAC	5364560	0.19156323798849528	6254435	0.19190233625853964	11618995	0.0003390982700443579	0.002551535268899987	0.002551535268899987	3prime
GTCGT	327667	0.011700670978044106	381977	0.011720048045431473	709644	1.9377067387367497e-05	0.002387016244877421	0.002387016244877421	3prime
GGTGT	2830366	0.10106962652156849	3299336	0.10123221146305064	6129702	0.00016258494148214953	0.002318893617003494	0.002318893617003494	3prime
TACAT	4633924	0.16547293459903517	5401414	0.16572943290634304	10035338	0.0002564983073078675	0.002234565399706193	0.002234565399706193	3prime
AAACG	981060	0.03503270170545081	1140056	0.03497988385290848	2121116	-5.281785254232507e-05	-0.002176691264557099	0.002176691264557099	3prime
TTTTT	21606263	0.7715387098123649	25181969	0.7726483179839779	46788232	0.0011096081716129857	0.0020733555973073696	0.0020733555973073696	3prime
GAGCG	1076965	0.03845737629931995	1255190	0.03851249448565	2332155	5.5118186330048446e-05	0.0020661768217900504	0.0020661768217900504	3prime
CAGAA	2532410	0.0904299065560727	2943583	0.09031678395745113	5475993	-0.00011312259862157614	-0.0018058380715076207	0.0018058380715076207	3prime
TTTGT	8747044	0.3123484631484856	10192262	0.31272511258956814	18939306	0.00037664944108256604	0.0017386388707563128	0.0017386388707563128	3prime
ATTAT	6790498	0.2424821018749723	7894030	0.24220937614588683	14684528	-0.0002727257290854601	-0.0016235419548240673	0.0016235419548240673	3prime
AAAGT	6376362	0.22769370671719544	7429203	0.2279472745721958	13805565	0.0002535678550003584	0.0016057358051138138	0.0016057358051138138	3prime
AATTG	4642279	0.16577128355093315	5408785	0.16595559436146434	10051064	0.0001843108105311908	0.001603142429868561	0.001603142429868561	3prime
ACCGT	539139	0.019252131128345916	628153	0.019273368134421487	1167292	2.123700607557094e-05	0.0015904757400767124	0.0015904757400767124	3prime
TAACG	442125	0.015787855219377447	514112	0.01577429358504011	956237	-1.356163433733834e-05	-0.0012397168654849791	0.0012397168654849791	3prime
CGGTT	408039	0.014570677197307447	475291	0.014583164315027267	883330	1.2487117719820265e-05	0.0012357800685171055	0.0012357800685171055	3prime
AAACC	4760929	0.17000816004916133	5536154	0.16986360662267003	10297083	-0.0001445534264913062	-0.0012271998875320646	0.0012271998875320646	3prime
TCGGG	875734	0.03127161233290651	1020054	0.03129791031641841	1895788	2.6297983511898437e-05	0.0012126913658326137	0.0012126913658326137	3prime
CATCC	3715248	0.132667905067756	4320356	0.13255976117244792	8035604	-0.00010814389530808266	-0.001176479783133145	0.001176479783133145	3prime
CCGAT	313899	0.011209029042708197	365042	0.011200438190258564	678941	-8.590852449632744e-06	-0.0011060392168263447	0.0011060392168263447	3prime
TGTCG	480722	0.017166116679150842	559063	0.01715350720180287	1039785	-1.260947734797041e-05	-0.001060068213537832	0.001060068213537832	3prime
AGGAA	2743729	0.09797590322467009	3191262	0.09791621999638651	5934991	-5.9683228283577416e-05	-0.0008790942649770147	0.0008790942649770147	3prime
TAGAA	2059835	0.07355471135042431	2395978	0.07351483800280334	4455813	-3.98733476209695e-05	-0.0007822734245858731	0.0007822734245858731	3prime
AATGT	5991649	0.21395597837111147	6976653	0.2140618632962289	12968302	0.00010588492511742764	0.0007137970935783666	0.0007137970935783666	3prime
ATGCG	520438	0.01858433654433104	605993	0.018593441686790446	1126431	9.105142459407689e-06	0.0007066176701602761	0.0007066176701602761	3prime
TCGAC	312384	0.011154929861125259	363736	0.011160366712794387	676120	5.436851669128606e-06	0.0007029273523603969	0.0007029273523603969	3prime
TTCCG	696767	0.024880874227062408	811244	0.024891076312364382	1508011	1.020208530197464e-05	0.0005914136980686955	0.0005914136980686955	3prime
GAGGG	4497317	0.1605948310356685	5236210	0.16066054442013192	9733527	6.571338446342834e-05	0.00059020824081105	0.00059020824081105	3prime
GAACG	713300	0.025471251632416023	830458	0.025480611816190324	1543758	9.360183774301256e-06	0.0005300438455863207	0.0005300438455863207	3prime
CTAAA	1953462	0.06975623462268704	2274144	0.06977665394049827	4227606	2.041931781122941e-05	0.00042224348416679557	0.00042224348416679557	3prime
ATAAT	6942899	0.24792419386996997	8078122	0.24785779760785853	15021021	-6.639626211144001e-05	-0.0003864165051754777	0.0003864165051754777	3prime
CTCAA	1950293	0.06964307270424722	2270293	0.06965849524240139	4220586	1.5422538154175047e-05	0.00031944651141142664	0.00031944651141142664	3prime
TCGAT	637301	0.022757401004612876	741866	0.022762378790534676	1379167	4.977785921799621e-06	0.0003155160947101728	0.0003155160947101728	3prime
GCGGT	479999	0.017140299049920173	558735	0.017143443308534685	1038734	3.1442586145118134e-06	0.00026461181885570134	0.00026461181885570134	3prime
ACTCT	4125831	0.1473294260392859	4802514	0.14735362291147708	8928345	2.4196872191184493e-05	0.0002369221493794192	0.0002369221493794192	3prime
TTTAT	9799641	0.34993568178654283	11404034	0.3499054298864436	21203675	-3.0251900099254048e-05	-0.0001247258579813249	0.0001247258579813249	3prime
TACGA	173252	0.006186660995120343	201647	0.006187054530029609	374899	3.9353490926576085e-07	9.175240996008515e-05	9.175240996008515e-05	3prime
CGTAT	525581	0.018767988089467048	611709	0.01876882343654943	1137290	8.353470823813103e-07	6.420827108683062e-05	6.420827108683062e-05	3prime
