motif	healthy_count	healthy_pct	cancer_count	cancer_pct	total_count	diff_pct	log2fc	abs_log2fc	end
GATCG	33958848	1.2132336682559315	3974894	0.12206899239738617	37933742	-1.0911646758585454	-3.3130781272581644	3.3130781272581644	5prime
ATCGG	132289	0.004726234197930063	94730	0.0029091582441706353	227019	-0.0018170759537594278	-0.6998987369105242	0.6998987369105242	5prime
ACCGC	708577	0.025315036392040836	634207	0.0194764965962285	1342784	-0.005838539795812336	-0.3782432841216802	0.3782432841216802	5prime
ACTTT	5178839	0.1850222315337929	4883993	0.14998742215160638	10062832	-0.03503480938218653	-0.30285528597514055	0.30285528597514055	5prime
ATTTC	1823638	0.06515235794544356	1732798	0.05321422555877112	3556436	-0.011938132386672448	-0.2920004575655767	0.2920004575655767	5prime
ATCTC	1043036	0.03726411427157346	992160	0.030469233015267994	2035196	-0.006794881256305466	-0.29042515081650616	0.29042515081650616	5prime
ATCTT	1352227	0.048310452802306884	1287519	0.03953970773119742	2639746	-0.008770745071109462	-0.2890265437518348	0.2890265437518348	5prime
ACTTC	2790452	0.09969332045810567	2669329	0.08197509201682421	5459781	-0.01771822844128146	-0.28230810213707347	0.28230810213707347	5prime
ATCGC	128945	0.0046067644978198645	126562	0.0038867189454103654	255507	-0.0007200455524094991	-0.24514305666530345	0.24514305666530345	5prime
TCGCG	29729	0.0010621156443110377	29535	0.000907019832593473	59264	-0.00015509581171756464	-0.22750282613891276	0.22750282613891276	5prime
ATTTT	4214818	0.15058105337292738	4194358	0.1288087317080445	8409176	-0.021772321664882882	-0.22530824272085503	0.22530824272085503	5prime
AATTC	1531544	0.05471683683779151	1528910	0.046952825198933026	3060454	-0.007764011638858481	-0.22076850217443927	0.22076850217443927	5prime
GATTC	2346467	0.08383125263411441	2343209	0.07195994700902386	4689676	-0.011871305625090547	-0.22029122359093364	0.22029122359093364	5prime
AGTTT	3408019	0.12175688035282915	3414296	0.10485302814777601	6822315	-0.016903852205053138	-0.21563286260887662	0.21563286260887662	5prime
ACCGT	617569	0.02206363134789341	621932	0.019099531353462804	1239501	-0.002964099994430605	-0.20812287037801772	0.20812287037801772	5prime
AGTTC	1717248	0.06135140657142321	1732447	0.05320344634897798	3449695	-0.008147960222445232	-0.20557311702120462	0.20557311702120462	5prime
GTTTC	2608276	0.09318479411621702	2635752	0.0809439423666129	5244028	-0.012240851749604126	-0.20316909697002683	0.20316909697002683	5prime
GTCTT	1742052	0.06223756878480041	1764330	0.054182573260187654	3506382	-0.008054995524612758	-0.19995334650656688	0.19995334650656688	5prime
ATCGT	134897	0.004819409131508831	136765	0.004200053069397201	271662	-0.0006193560621116298	-0.1984045895338498	0.1984045895338498	5prime
GTCTC	1639810	0.058584811285199045	1663056	0.05107244877987374	3302866	-0.007512362505325304	-0.19797782354103338	0.19797782354103338	5prime
ATTCT	1580454	0.05646422410824301	1607301	0.04936021276273309	3187755	-0.00710401134550992	-0.1939847710159329	0.1939847710159329	5prime
GACGC	313056	0.011184421781608401	319135	0.00980063566191698	632191	-0.0013837861196914214	-0.19052523256849493	0.19052523256849493	5prime
ACTGC	3323108	0.11872330029719007	3394980	0.10425983379915996	6718088	-0.014463466498030111	-0.1874179510095158	0.1874179510095158	5prime
GTCGT	133182	0.0047581380383004005	136423	0.00418955024959876	269605	-0.0005685877887016402	-0.18356060765304738	0.18356060765304738	5prime
AATTT	3473467	0.12409511388536872	3565003	0.10948124002895647	7038470	-0.014613873856412246	-0.18076107970711128	0.18076107970711128	5prime
GTCGC	147010	0.0052521652551436515	152430	0.004681125210164994	299440	-0.0005710400449786572	-0.16602345404659205	0.16602345404659205	5prime
GGCTC	4008570	0.14321251667785312	4159879	0.1277498816383648	8168449	-0.015462635039488332	-0.16483441489217038	0.16483441489217038	5prime
ACTCC	2209748	0.0789467496648063	2302410	0.07070700974306884	4512158	-0.00823973992173746	-0.1590244923798946	0.1590244923798946	5prime
GATCC	1216975	0.04347836073313683	1271052	0.03903400617090229	2488027	-0.004444354562234541	-0.15556223116919365	0.15556223116919365	5prime
GTTTT	4815678	0.1720477292127044	5035999	0.15465552632202126	9851677	-0.017392202890683134	-0.15374952134024295	0.15374952134024295	5prime
GATTT	3622665	0.12942544890840743	3789022	0.1163608633869303	7411687	-0.013064585521477129	-0.15351416437152077	0.15351416437152077	5prime
GCTTT	5738942	0.2050327989503069	6010921	0.18459538036744852	11749863	-0.020437418582858385	-0.15148748710531387	0.15148748710531387	5prime
ACTCT	3044782	0.10877966281128358	3192021	0.09802696302877437	6236803	-0.010752699782509215	-0.15015687148823678	0.15015687148823678	5prime
AACGC	224054	0.008004684266893108	235067	0.007218907431462669	459121	-0.0007857768354304394	-0.14904437893436767	0.14904437893436767	5prime
CTCTC	2427731	0.08673453783440006	2551731	0.07836365750613089	4979462	-0.008370880328269173	-0.1464200797923114	0.1464200797923114	5prime
ACCTT	3438761	0.12285518702770586	3621171	0.11120615927585373	7059932	-0.011649027751852128	-0.1437208449052641	0.1437208449052641	5prime
ATCCT	892109	0.03187200798313685	939613	0.028855514676236704	1831722	-0.0030164933069001462	-0.14343811848881144	0.14343811848881144	5prime
TTGCG	112425	0.004016561314261105	118458	0.0036378451101864782	230883	-0.00037871620407462685	-0.14283939861630754	0.14283939861630754	5prime
GCTTC	3456104	0.12347479319068767	3645039	0.11193914554178705	7101143	-0.011535647648900624	-0.14150070780744572	0.14150070780744572	5prime
TTGGC	507668	0.018137243934074333	536085	0.016463170034056947	1043753	-0.0016740739000173852	-0.13970500028096008	0.13970500028096008	5prime
AGCTC	1536379	0.054889574876078824	1622818	0.04983673982358811	3159197	-0.005052835052490712	-0.13931980630829893	0.13931980630829893	5prime
GTCCT	957371	0.03420359637087364	1013202	0.03111543282286684	1970573	-0.003088163548006801	-0.1365135259517899	0.1365135259517899	5prime
GTCCC	715659	0.025568052066735944	757479	0.023262179643577838	1473138	-0.0023058724231581063	-0.13635037602956163	0.13635037602956163	5prime
TCGGC	95712	0.003419462899804838	101361	0.0031127962502626384	197073	-0.0003066666495421997	-0.1355170363946008	0.1355170363946008	5prime
TCGGG	134177	0.004793685990336778	142303	0.004370125046133367	276480	-0.0004235609442034107	-0.13343168419101853	0.13343168419101853	5prime
AATCG	389225	0.013905680031516822	413176	0.01268863471649368	802401	-0.001217045315023143	-0.13212750322865538	0.13212750322865538	5prime
TTGGG	860210	0.03073236564946004	914055	0.028070628511299375	1774265	-0.0026617371381606643	-0.13069300599767184	0.13069300599767184	5prime
ACTTA	3313177	0.11836849958194054	3521867	0.10815653349437879	6835044	-0.010211966087561752	-0.13016323099699673	0.13016323099699673	5prime
TTGGA	1128674	0.04032366755447933	1200590	0.03687011819242925	2329264	-0.0034535493620500776	-0.129171469744379	0.129171469744379	5prime
ACTGT	3250250	0.11612033277008811	3463438	0.10636217893881406	6713688	-0.009758153831274055	-0.12663423392234524	0.12663423392234524	5prime
GTTCG	345409	0.012340283984857585	368415	0.011314024432873687	713824	-0.0010262595519838977	-0.12525280015272572	0.12525280015272572	5prime
ACCTC	3271560	0.11688166629561095	3490574	0.1071955254828214	6762134	-0.009686140812789554	-0.12480284892788347	0.12480284892788347	5prime
ATGGG	830752	0.029679931909673486	1053463	0.032351848109138916	1884215	0.00267191619946543	0.12435633235895968	0.12435633235895968	5prime
AGCTT	1940895	0.06934155011823712	2073375	0.06367334502805119	4014270	-0.005668205090185924	-0.12302867896760541	0.12302867896760541	5prime
ATTCC	1579743	0.056438822506335605	1689149	0.05187376479449577	3268892	-0.0045650577118398344	-0.12168056087675586	0.12168056087675586	5prime
AACTT	2079750	0.07430236507302232	2225169	0.06833493867859103	4304919	-0.005967426394431291	-0.1207830409603396	0.1207830409603396	5prime
ACTAT	2460340	0.08789954604339931	2637769	0.08100588443542417	5098109	-0.006893661607975138	-0.11782760569411255	0.11782760569411255	5prime
GTTCT	1817220	0.06492306472316269	1950353	0.05989533948055453	3767573	-0.005027725242608153	-0.11628548952328274	0.11628548952328274	5prime
ATTGC	732126	0.02615636174129176	786577	0.02415577920642886	1518703	-0.0020005825348629012	-0.1147889217166672	0.1147889217166672	5prime
ATCTA	1039022	0.03712070775953927	1116491	0.03428743795199321	2155513	-0.002833269807546057	-0.11454090003044994	0.11454090003044994	5prime
AACTC	1496854	0.053477481605488035	1608579	0.049399460141979906	3105433	-0.004078021463508129	-0.11443402421624356	0.11443402421624356	5prime
ACTAC	1499352	0.05356672661472107	1611312	0.049483390570369205	3110664	-0.004083336044351862	-0.11439055907330145	0.11439055907330145	5prime
GTTCC	1176885	0.04204608194204297	1265215	0.038854751904342344	2442100	-0.0031913300377006265	-0.11387750141224447	0.11387750141224447	5prime
CTCTT	3159145	0.11286546224719946	3396432	0.10430442471830421	6555577	-0.00856103752889524	-0.11380266804296185	0.11380266804296185	5prime
GCGCC	173119	0.006184950661895204	186226	0.005719000350247236	359345	-0.0004659503116479684	-0.1129800914366145	0.1129800914366145	5prime
CTCGC	319436	0.011412357393660755	343780	0.010557483597392388	663216	-0.0008548737962683663	-0.11232059170276446	0.11232059170276446	5prime
ATTGT	1002906	0.03583040641708114	1079378	0.03314769774386585	2082284	-0.002682708673215295	-0.11227247706350497	0.11227247706350497	5prime
CTCCC	1803064	0.06441731918645217	1941010	0.05960841595606085	3744074	-0.00480890323039132	-0.11193078009908407	0.11193078009908407	5prime
GACTC	1822824	0.06512327650528517	1963964	0.060313333282532855	3786788	-0.004809943222752314	-0.11069455060674442	0.11069455060674442	5prime
AATCT	1503492	0.05371463467646038	1621681	0.049801822554258204	3125173	-0.003912812122202174	-0.10911455687494304	0.10911455687494304	5prime
TCGGA	107783	0.0038507185068712892	116262	0.0035704059514806963	224045	-0.0002803125553905929	-0.1090101410510427	0.1090101410510427	5prime
CATTC	6032165	0.21550865537238018	6511489	0.1999678233524375	12543654	-0.015540832019942663	-0.10797741661833533	0.10797741661833533	5prime
TTCGC	60616	0.002165602674007126	65491	0.0020112285714027137	126107	-0.00015437410260441247	-0.1066404148135352	0.1066404148135352	5prime
TTAGC	580788	0.0207495718264361	627623	0.0192743019601088	1208411	-0.0014752698663273028	-0.10639763248718416	0.10639763248718416	5prime
GCGGC	162435	0.005803247828169914	175768	0.005397835176410685	338203	-0.000405412651759229	-0.10446094777287805	0.10446094777287805	5prime
GATCT	1789531	0.06393383131217246	1936690	0.05947574875860685	3726221	-0.004458082553565612	-0.1042763309839704	0.1042763309839704	5prime
GGTCG	509667	0.018208661377411738	551978	0.01695124405469037	1061645	-0.0012574173227213672	-0.10322783166906978	0.10322783166906978	5prime
GCTCC	2379823	0.08502294860207966	2578111	0.07917378729058376	4957934	-0.005849161311495904	-0.10282817447342721	0.10282817447342721	5prime
ATATT	2042152	0.07295911693165172	2212529	0.06794676428604045	4254681	-0.0050123526456112705	-0.10268195951172594	0.10268195951172594	5prime
ACGGG	182895	0.0065342137564757385	228398	0.007014102445393061	411293	0.00047988868891732286	0.10222974740807227	0.10222974740807227	5prime
ATCTG	1018244	0.03637838077721579	1104673	0.033924507178958174	2122917	-0.0024538735982576124	-0.10075060293292032	0.10075060293292032	5prime
ATCGA	275049	0.009826561466988683	298521	0.009167579734065895	573570	-0.0006589817329227879	-0.10013521275107318	0.10013521275107318	5prime
CGGTG	1013681	0.036215360370037905	1263228	0.03879373113551339	2276909	0.002578370765475485	0.0992191603760714	0.0992191603760714	5prime
ACATC	1867852	0.06673197317291736	2032793	0.06242707183196831	3900645	-0.004304901340949054	-0.09620487501467563	0.09620487501467563	5prime
ACATT	3824466	0.13663510948015933	4163481	0.12786049905624194	7987947	-0.00877461042391739	-0.09575688865557729	0.09575688865557729	5prime
TACTC	1775913	0.06344730667817107	2207699	0.06779843498888702	3983612	0.004351128310715949	0.09569158898662375	0.09569158898662375	5prime
TCGCA	121392	0.004336921601608042	132196	0.0040597390820899535	253588	-0.0002771825195180882	-0.09526164810202631	0.09526164810202631	5prime
CTTTC	4132332	0.1476341102858192	4501207	0.13823206431720228	8633539	-0.009402045968616907	-0.09493312215470376	0.09493312215470376	5prime
TACTA	3793469	0.13552769252611752	4713184	0.1447418778622731	8506653	0.00921418533615559	0.09489404732469937	0.09489404732469937	5prime
TGTCG	672387	0.02402209128229559	835057	0.02564459997785705	1507444	0.0016225086955614608	0.09428951506594348	0.09428951506594348	5prime
GTCGG	136833	0.004888575799993683	149304	0.00458512575200731	286137	-0.00030345004798637294	-0.09243339386765202	0.09243339386765202	5prime
TTGCC	447853	0.016000258254621112	488719	0.01500856020197222	936572	-0.0009916980526488914	-0.09230365061679374	0.09230365061679374	5prime
TACCC	1475686	0.05272122125502969	1829782	0.05619260414161336	3305468	0.0034713828865836696	0.0919947805222951	0.0919947805222951	5prime
GTCGA	151179	0.005401109387846828	165011	0.00506748771275035	316190	-0.00033362167509647794	-0.09196749963442771	0.09196749963442771	5prime
TGGTG	3620479	0.1293473505936823	4488163	0.1378314830848898	8108642	0.008484132491207497	0.09165427175547074	0.09165427175547074	5prime
ACGAG	173459	0.006197097700782006	214982	0.006602097093299815	388441	0.00040499939251780956	0.09131736344726374	0.09131736344726374	5prime
TTGCA	1290084	0.04609029563306403	1409240	0.043277759569460846	2699324	-0.0028125360636031826	-0.09083517253893235	0.09083517253893235	5prime
GCAAG	3321868	0.11867899933183819	4114441	0.1263544806851438	7436309	0.007675481353305605	0.09041141891336021	0.09041141891336021	5prime
TGGTC	1231281	0.04398946525759153	1524651	0.04682203131144308	2755932	0.00283256605385155	0.09002747744805012	0.09002747744805012	5prime
GACGT	387914	0.013858842478632708	424087	0.013023711520063255	812001	-0.0008351309585694529	-0.08965944180357793	0.08965944180357793	5prime
TGGTT	2072821	0.07405481556582627	2565419	0.07878401597806384	4638240	0.004729200412237566	0.08930823736036012	0.08930823736036012	5prime
GGTGG	6883618	0.24592816331733514	8518261	0.26159579028974134	15401879	0.0156676269724062	0.08910201358991869	0.08910201358991869	5prime
AATCC	1113166	0.03976961967490129	1217616	0.03739298664239493	2330782	-0.0023766330325063548	-0.08889675347723046	0.08889675347723046	5prime
ATTAT	1535345	0.054852633587228965	1679537	0.05157858028016063	3214882	-0.003274053307068335	-0.08878715658862335	0.08878715658862335	5prime
ATATC	793457	0.02834750892354613	868135	0.026660425338362444	1661592	-0.0016870835851836852	-0.08851894423882449	0.08851894423882449	5prime
ACAGG	3395084	0.12129475697635624	4198236	0.128927825085759	7593320	0.007633068109402771	0.08804576363033546	0.08804576363033546	5prime
TCCCC	1653008	0.059056330753516746	2042481	0.06272459030625867	3695489	0.0036682595527419218	0.08693799113464781	0.08693799113464781	5prime
TCCTC	2573630	0.09194701085365184	3177919	0.0975938906170854	5751549	0.00564687976343356	0.08598725578373916	0.08598725578373916	5prime
ACGTG	233057	0.008326330711298647	287707	0.008835481800439152	520764	0.0005091510891405051	0.08561796212409543	0.08561796212409543	5prime
TCATG	2761099	0.09864463800974003	3407107	0.10463225396201287	6168206	0.005987615952272832	0.0850142705685943	0.0850142705685943	5prime
AGCGT	308963	0.011038192869362275	338950	0.01040915430023896	647913	-0.0006290385691233146	-0.08464324076663161	0.08464324076663161	5prime
ATCCC	694101	0.02479785834814274	761613	0.023389134781141453	1455714	-0.0014087235670012868	-0.08437353059004263	0.08437353059004263	5prime
GGCGC	1178506	0.04210399473626505	1293224	0.039714908277835165	2471730	-0.002389086458429883	-0.08427438701087393	0.08427438701087393	5prime
TGCTC	2607761	0.09316639492496201	3215707	0.09875436007481496	5823468	0.00558796514985295	0.08403390009804546	0.08403390009804546	5prime
AGATC	1224320	0.04374077249967673	1343756	0.041266745968054006	2568076	-0.0024740265316227222	-0.08399704138779734	0.08399704138779734	5prime
TCCCT	2761814	0.09867018251798727	3403596	0.1045244311540821	6165410	0.005854248636094822	0.08315329033748761	0.08315329033748761	5prime
TTGGT	707715	0.025284240075804293	777292	0.023870636861900996	1485007	-0.0014136032139032972	-0.08299798205984264	0.08299798205984264	5prime
ATTAC	776603	0.02774537306061034	852966	0.026194585357302333	1629569	-0.001550787703308007	-0.08297549782798883	0.08297549782798883	5prime
GTCTG	1481716	0.05293665256234563	1627561	0.04998239735079281	3109277	-0.0029542552115528198	-0.08284525804874214	0.08284525804874214	5prime
TCACT	2742142	0.09796736913863086	3377034	0.10370871214973648	6119176	0.005741343011105626	0.08216307587337321	0.08216307587337321	5prime
TACCG	349580	0.012489299570730684	430501	0.013220685456283146	780081	0.0007313858855524623	0.082098019162153	0.082098019162153	5prime
GCAGA	6119666	0.2186347672830687	7536106	0.2314338108185769	13655772	0.012799043535508203	0.08207644580560226	0.08207644580560226	5prime
ACGAA	340116	0.01215118317065804	418813	0.0128617469831715	758929	0.0007105638125134602	0.08198325824306506	0.08198325824306506	5prime
TGCCT	4358131	0.15570113744346956	5364890	0.1647557687381885	9723021	0.009054631294718951	0.08154898746350708	0.08154898746350708	5prime
CTTTT	7535410	0.2692144655823551	8284658	0.2544218422974159	15820068	-0.014792623284939244	-0.0815330878096299	0.0815330878096299	5prime
CGCCT	1421116	0.050771621513697886	1749241	0.053719190079080395	3170357	0.0029475685653825093	0.0814136576495639	0.0814136576495639	5prime
TGGCT	3082942	0.11014298929340235	3794343	0.11652427129379436	6877285	0.006381282000392008	0.08125210439356693	0.08125210439356693	5prime
TGGTA	2512790	0.0897734054246134	3092453	0.09496922980745501	5605243	0.005195824382841607	0.08117115164028313	0.08117115164028313	5prime
TCTCA	6581226	0.2351247298377528	8097353	0.24866970585780457	14678579	0.01354497602005178	0.08080414190911593	0.08080414190911593	5prime
TGCAG	5839634	0.20863018024321844	7184322	0.22063052438590167	13023956	0.012000344142683222	0.08068415463365425	0.08068415463365425	5prime
GTATC	654213	0.023372796327211034	719697	0.022101894445844754	1373910	-0.00127090188136628	-0.08065676532452894	0.08065676532452894	5prime
TGTCC	2574522	0.09197887896743721	3167268	0.0972667984133626	5741790	0.005287919445925382	0.08064396447270639	0.08064396447270639	5prime
GCGTC	90898	0.0032474751198016986	99998	0.003070938521065926	190896	-0.00017653659873577247	-0.08061331198392348	0.08061331198392348	5prime
TGCCC	2323348	0.0830052897163968	2858067	0.08777123588559099	5181415	0.0047659461691941934	0.08054399927721813	0.08054399927721813	5prime
GAGTG	1923077	0.06870497382739874	2365663	0.07264950933579054	4288740	0.0039445355083918	0.08053736875872189	0.08053736875872189	5prime
GGGGG	2299219	0.0821432429478684	2827341	0.08682764044369944	5126560	0.004684397495831036	0.08001152649334543	0.08001152649334543	5prime
TAATC	2393840	0.08552372814348058	2943621	0.09039859917516953	5337461	0.004874871031688946	0.07997476273493186	0.07997476273493186	5prime
TACTG	3254398	0.11626852664450713	4001734	0.12289324878156795	7256132	0.006624722137060821	0.07994437489586045	0.07994437489586045	5prime
AAGGG	1480148	0.05288063327712649	1819845	0.05588743887746975	3299993	0.0030068056003432556	0.07978314107053593	0.07978314107053593	5prime
TCATT	3689147	0.13180062372979687	4535598	0.13928821190693386	8224745	0.007487588177136989	0.07971538031411657	0.07971538031411657	5prime
TGCTG	5087215	0.18174881891330938	6254086	0.1920629773741386	11341301	0.010314158460829226	0.07963303249223658	0.07963303249223658	5prime
TCATA	3570882	0.12757541915936244	4389590	0.13480430631298404	7960472	0.007228887153621605	0.07951559579646764	0.07951559579646764	5prime
CGCGG	283899	0.010142741743895161	348961	0.010716592104338953	632860	0.0005738503604437919	0.07939089482485073	0.07939089482485073	5prime
TGTTG	6085504	0.21741427568762475	7479906	0.2297079088516985	13565410	0.012293633164073753	0.07935350188401513	0.07935350188401513	5prime
ATTCG	523418	0.018699937647212977	576341	0.017699431770331973	1099759	-0.001000505876881004	-0.07932605458330232	0.07932605458330232	5prime
CTTCC	2668709	0.09534385882517624	2938697	0.09024738313807149	5607406	-0.005096475687104751	-0.07925406243828825	0.07925406243828825	5prime
AGATT	2249678	0.08037331220230638	2477727	0.07609099470974534	4727405	-0.004282317492561041	-0.0789898043543182	0.0789898043543182	5prime
TGTGG	5652224	0.20193466095564297	6945406	0.21329341416670744	12597630	0.01135875321106447	0.07895047752961383	0.07895047752961383	5prime
CTCGT	334624	0.011954972766051217	368558	0.01131841596278941	703182	-0.000636556803261806	-0.07893199316798555	0.07893199316798555	5prime
ATCAT	1159584	0.041427976295629526	1277282	0.039225329467230625	2436866	-0.0022026468283989006	-0.07881782780536034	0.07881782780536034	5prime
TATAT	6307054	0.22532950058577506	7749269	0.23798004642294873	14056323	0.012650545837173677	0.0788040682021775	0.0788040682021775	5prime
TAGAC	1247796	0.044579489808225486	1533127	0.04708232926644773	2780923	0.0025028394582222446	0.07880386942701433	0.07880386942701433	5prime
GAAGG	3574531	0.1277057854678858	4391878	0.1348745707916356	7966409	0.007168785323749788	0.07879388313711325	0.07879388313711325	5prime
ATTTG	1866766	0.0666931741016495	2056458	0.06315382396802129	3923224	-0.0035393501336282163	-0.07866780809609075	0.07866780809609075	5prime
AACGT	360433	0.012877040197314414	397119	0.012195524255956913	757552	-0.0006815159413575012	-0.07844298863881306	0.07844298863881306	5prime
TTCGG	95386	0.003407816033107492	105101	0.00322765164805846	200487	-0.00018016438504903217	-0.0783389509524386	0.0783389509524386	5prime
TACCT	2641871	0.094385028737988	3244045	0.09962462003811388	5885916	0.005239591300125884	0.07794347403402356	0.07794347403402356	5prime
TACTT	3401643	0.12152908764711665	4176593	0.12826316856851436	7578236	0.0067340809213977115	0.07780466912265652	0.07780466912265652	5prime
TAGTC	920143	0.03287356706593868	1129716	0.03469357769419902	2049859	0.0018200106282603434	0.077738310887645	0.077738310887645	5prime
TCACC	1830140	0.06538465220086118	2246739	0.0689973533658787	4076879	0.0036127011650175234	0.07758783772255663	0.07758783772255663	5prime
TACAC	2441482	0.0872258141042013	2995899	0.09200405652435935	5437381	0.004778242420158049	0.0769414554579688	0.0769414554579688	5prime
TCCTA	2969003	0.10607233792951003	3643088	0.11187923033293687	6612091	0.0058068924034268415	0.07689305595484928	0.07689305595484928	5prime
TGAAG	5845132	0.20882660500733505	7172099	0.22025515606310533	13017231	0.011428551055770286	0.07686990743666651	0.07686990743666651	5prime
GAAGC	2144712	0.07662323548527075	2631143	0.08080239997932923	4775855	0.004179164494058474	0.07661522434250397	0.07661522434250397	5prime
TCTAG	2763282	0.09872262914471029	3389568	0.10409363128234952	6152850	0.005371002137639233	0.07642832806469255	0.07642832806469255	5prime
TGACC	1847759	0.06601411890129229	2265747	0.06958108903467629	4113506	0.003566970133384001	0.07591952212680297	0.07591952212680297	5prime
AAGTG	1496947	0.053480804177889425	1835521	0.05636884882823105	3332468	0.002888044650341627	0.07587556374833783	0.07587556374833783	5prime
CATTT	8049614	0.28758521847573576	8884791	0.27285192637372596	16934405	-0.014733292102009798	-0.07587102468166577	0.07587102468166577	5prime
TGCTT	4227749	0.15104303384306045	5182458	0.15915328212570526	9410207	0.00811024828264481	0.07545677440479569	0.07545677440479569	5prime
TCCAC	2274274	0.08125204328601167	2787720	0.08561087955705017	5061994	0.004358836271038502	0.07538915041434294	0.07538915041434294	5prime
GAGTA	1342424	0.0479602250899324	1645369	0.05052928102029762	2987793	0.002569055930365223	0.0752796929420917	0.0752796929420917	5prime
ACTTG	3241866	0.11582080108177356	3579885	0.10993826624018573	6821751	-0.005882534841587836	-0.07520008103620841	0.07520008103620841	5prime
TGACT	3032315	0.10833425947657249	3716220	0.11412511400983635	6748535	0.005790854533263862	0.07512607474075517	0.07512607474075517	5prime
TTAGG	856830	0.03061160979229124	946628	0.029070945322102398	1803458	-0.0015406644701888433	-0.07449843173511828	0.07449843173511828	5prime
TAATT	5386116	0.19242753088479223	6597218	0.20260056089191292	11983334	0.010173030007120692	0.07432256939585674	0.07432256939585674	5prime
TACAG	4357649	0.15568391722951827	5337246	0.16390682151448058	9694895	0.008222904284962307	0.07425551727369005	0.07425551727369005	5prime
TGGCG	604865	0.021609760812546525	740804	0.022750090403405292	1345669	0.0011403295908587671	0.07418582821616959	0.07418582821616959	5prime
ATCAC	819947	0.029293906159167896	906198	0.027829340045929917	1726145	-0.0014645661132379785	-0.07399129215135833	0.07399129215135833	5prime
TCATC	2280790	0.08148483771361874	2792847	0.08576832972402856	5073637	0.004283492010409826	0.07391250637671237	0.07391250637671237	5prime
GTCCG	188843	0.00674671548382486	208721	0.006409821786989751	397564	-0.00033689369683510915	-0.07388983982092602	0.07388983982092602	5prime
ATCCG	153572	0.00548660310565894	169756	0.0052132066599538725	323328	-0.0002733964457050679	-0.07372837765301986	0.07372837765301986	5prime
CCTTC	8081526	0.28872532525501704	8933773	0.2743561635648583	17015299	-0.014369161690158727	-0.07364740886153627	0.07364740886153627	5prime
CAGTG	4602930	0.16444696971538242	5634711	0.17304197148916883	10237641	0.008595001773786415	0.0734991478622778	0.0734991478622778	5prime
TGCAC	2515430	0.08986772360891093	3079194	0.09456204592526923	5594624	0.0046943223163583014	0.07345739432746537	0.07345739432746537	5prime
TCAAG	2362945	0.0844199553011048	2892436	0.08882670785533553	5255381	0.004406752554230731	0.07340860903866708	0.07340860903866708	5prime
TGTAG	4471922	0.15976650127278763	5473450	0.16808964627420842	9945372	0.008323145001420784	0.07326546956040539	0.07326546956040539	5prime
CGCCG	287465	0.010270142745866743	351825	0.010804545542651046	639290	0.0005344027967843033	0.0731752099713537	0.0731752099713537	5prime
TACCA	3666470	0.13099045196263212	4486953	0.1377943239856029	8153423	0.0068038720229707805	0.07305426207369616	0.07305426207369616	5prime
TCTAC	1891622	0.0675811940974447	2314452	0.07107681955597187	4206074	0.003495625458527163	0.07275623545479835	0.07275623545479835	5prime
TGGGT	2764503	0.0987662513049479	3382201	0.1038673907166913	6146704	0.005101139411743394	0.07265201389407352	0.07265201389407352	5prime
TGGAG	4099732	0.1464694236160846	5015571	0.15402818245406055	9115303	0.007558758837975965	0.07259433614095905	0.07259433614095905	5prime
ACCAC	3098228	0.11068910587111902	3427874	0.10527000851977379	6526102	-0.005419097351345228	-0.07241809638340559	0.07241809638340559	5prime
TGATC	2141254	0.07649969295447497	2619072	0.08043169957644329	4760326	0.003932006621968326	0.07230932626713804	0.07230932626713804	5prime
TCCTT	3959555	0.1414613781159807	4842918	0.14872600892581403	8802473	0.007264630809833333	0.0722482458976691	0.0722482458976691	5prime
CTCCT	2565518	0.09165719679644672	2838924	0.08718335436687297	5404442	-0.004473842429573757	-0.07219464369204066	0.07219464369204066	5prime
TGTGC	3478685	0.12428153520569617	4254522	0.1306563681125867	7733207	0.006374832906890546	0.07216490830227142	0.07216490830227142	5prime
TCCCA	4579505	0.16361007446266668	5600486	0.17199092175933942	10179991	0.008380847296672739	0.07207040063620243	0.07207040063620243	5prime
TCCCG	763280	0.027269387769172482	933391	0.028664437059903656	1696671	0.0013950492907311741	0.07197706118435791	0.07197706118435791	5prime
TGTCA	6042430	0.2158753887670067	7388931	0.22691406665531483	13431361	0.011038677888308118	0.07194694506006434	0.07194694506006434	5prime
TCGTC	59530	0.0021268036027392804	65891	0.0020235125711669725	125421	-0.00010329103157230785	-0.07179039413606882	0.07179039413606882	5prime
GCACG	854374	0.03052386529962657	1044617	0.03208018745435233	1898991	0.0015563221547257589	0.07174261386259699	0.07174261386259699	5prime
ATTTA	3196378	0.11419567018505922	3538581	0.10866982042452836	6734959	-0.00552584976053086	-0.07155597498651697	0.07155597498651697	5prime
AGTTA	2321840	0.08295141402627533	2570427	0.07893781165511235	4892267	-0.00401360237116298	-0.07154916508567485	0.07154916508567485	5prime
GCACA	4348886	0.15537084516550342	5316470	0.16326879056672497	9665356	0.007897945401221546	0.07153277948462876	0.07153277948462876	5prime
TTCGA	367247	0.01312048114723992	406571	0.012485795170386354	773818	-0.0006346859768535662	-0.07152733399901619	0.07152733399901619	5prime
TCCTG	3637868	0.12996860017957232	4446748	0.13655962845929784	8084616	0.006591028279725519	0.07136738574490675	0.07136738574490675	5prime
GAATC	2385938	0.0852414166691173	2642540	0.08115240184261237	5028478	-0.004089014826504936	-0.07091992299649004	0.07091992299649004	5prime
TACAA	6424443	0.22952340866778348	7849554	0.24105979871384553	14273997	0.01153639004606205	0.07074947453353705	0.07074947453353705	5prime
GCCTG	8816230	0.3149737901323388	10770843	0.3307725821821764	19587073	0.01579879204983764	0.0706076525211984	0.0706076525211984	5prime
TGTCT	5589614	0.19969781947122323	6828318	0.2096976417557135	12417932	0.009999822284490284	0.07049171269999134	0.07049171269999134	5prime
TGTGT	6706564	0.23960262854361764	8192661	0.2515966144816345	14899225	0.011993985938016871	0.07046848701119901	0.07046848701119901	5prime
TATGG	3142643	0.11227590214217	3838397	0.11787716960783104	6981040	0.0056012674656610445	0.07023540004372882	0.07023540004372882	5prime
ACGGT	118376	0.004229170221365111	144568	0.0044396831947984845	262944	0.00021051297343337334	0.07006593255429212	0.07006593255429212	5prime
CGTGG	1667385	0.059569971865503696	2036126	0.06252942826000399	3703511	0.0029594563945002927	0.06994890205195262	0.06994890205195262	5prime
TGGCC	2270087	0.08110245607477917	2772092	0.08513094368626058	5042179	0.0040284876114814044	0.06993717608674492	0.06993717608674492	5prime
AAGAC	1150345	0.04109789837717315	1404536	0.043133299732233156	2554881	0.0020354013550600084	0.06973581045397896	0.06973581045397896	5prime
TAATG	4220238	0.15077469146341702	5152060	0.15821975956362042	9372298	0.0074450681002034	0.0695350514662541	0.0695350514662541	5prime
TGCAT	4129254	0.14752414385730864	5040834	0.15480400916917175	9170088	0.007279865311863115	0.06949128969389486	0.06949128969389486	5prime
GGCTA	4723395	0.16875077277273143	5766069	0.17707597559175264	10489464	0.008325202819021216	0.06947398001253349	0.06947398001253349	5prime
GAGGG	1839846	0.06573141443449444	2245971	0.06897376808633132	4085817	0.0032423536518368795	0.06946372278606885	0.06946372278606885	5prime
AAGCG	399535	0.014274021122466628	487728	0.01497812659255627	887263	0.0007041054700896408	0.06946062483323032	0.06946062483323032	5prime
TAAAG	5161523	0.18440358998860504	6300120	0.19347668148700836	11461643	0.009073091498403324	0.069292588531171	0.069292588531171	5prime
TGTGA	7582325	0.27089057831580904	9254603	0.28420885267577634	16836928	0.013318274359967297	0.06924102658631606	0.06924102658631606	5prime
TGATG	5650195	0.20186217171475673	6895643	0.2117651924660354	12545838	0.009903020751278663	0.0690945610827779	0.0690945610827779	5prime
TCCAT	3924866	0.14022205861026218	4789377	0.14708176484736857	8714243	0.006859706237106383	0.06890459251865472	0.06890459251865472	5prime
TGAAC	2908623	0.10391516672955373	3548885	0.10898625625845565	6457508	0.005071089528901923	0.06873933376977444	0.06873933376977444	5prime
TGAGT	4199503	0.15003390072424685	5122419	0.15730948447108942	9321922	0.007275583746842562	0.06831669139321074	0.06831669139321074	5prime
GAAGA	5846858	0.20888826909297806	7131013	0.21899340502731945	12977871	0.010105135934341397	0.06815563040947413	0.06815563040947413	5prime
ATTCA	1977726	0.07065739596894248	2194722	0.06739991132653504	4172448	-0.0032574846424074377	-0.06809290048452767	0.06809290048452767	5prime
TAACT	2758760	0.09856107352751584	3364389	0.10332038420718885	6123149	0.004759310679673015	0.0680343640616227	0.0680343640616227	5prime
TGGAT	2557566	0.09137309899283538	3118537	0.09577026943208233	5676103	0.00439717043924695	0.06780764936179566	0.06780764936179566	5prime
GAAGT	2570548	0.09183690151880147	3133767	0.09623798272310649	5704315	0.0044010812043050185	0.06753171580376086	0.06753171580376086	5prime
GTCAC	978295	0.03495113943460145	1086265	0.033359197509806975	2064560	-0.0015919419247944766	-0.06725293593426392	0.06725293593426392	5prime
GTCCA	1266786	0.04525793765663837	1406668	0.04319877345097666	2673454	-0.002059164205661705	-0.06717897464744405	0.06717897464744405	5prime
GCAGG	3865433	0.13809872048626415	4711120	0.1446784924234895	8576553	0.006579771937225365	0.06715004214846242	0.06715004214846242	5prime
ATCCA	1187387	0.04242128253730532	1318617	0.04049472729286974	2506004	-0.0019265552444355863	-0.0670525502125646	0.0670525502125646	5prime
AGTGG	3163527	0.11302201614249938	3855214	0.11839361966791988	7018741	0.005371603525420501	0.06698692583172837	0.06698692583172837	5prime
TTGAG	1400407	0.05003175966573673	1555519	0.04776998757325095	2955926	-0.002261772092485785	-0.06673832744820136	0.06673832744820136	5prime
GGTTC	2617652	0.09351976657681307	2907632	0.08929337700637972	5525284	-0.00422638957043335	-0.06671742583708365	0.06671742583708365	5prime
GATAT	2153458	0.07693570019734125	2392078	0.07346071397022279	4545536	-0.0034749862271184623	-0.06667939733679747	0.06667939733679747	5prime
TCCAG	3098717	0.11070657617116503	3775105	0.11593347232513233	6873822	0.005226896153967306	0.0665556506642273	0.0665556506642273	5prime
GACTT	2396136	0.08560575638255145	2661878	0.08174627181121548	5058014	-0.003859484571335975	-0.06655407992531476	0.06655407992531476	5prime
TCTTG	3586783	0.12814350758683024	4368072	0.13414348854566574	7954855	0.005999980958835499	0.06601613683967827	0.06601613683967827	5prime
TGCAA	6260037	0.22364974374065508	7622019	0.23407219899794382	13882056	0.010422455257288743	0.06571220169212558	0.06571220169212558	5prime
CTTCT	3767492	0.13459962302858083	4188839	0.12863924322129716	7956331	-0.005960379807283672	-0.0653430484460043	0.0653430484460043	5prime
ACAGA	6153819	0.21985493733924802	7488329	0.22996657917673438	13642148	0.010111641837486363	0.06487199048934987	0.06487199048934987	5prime
TGGGC	2607497	0.09315696310653225	3172337	0.09742246740037516	5779834	0.004265504293842912	0.06459023562707537	0.06459023562707537	5prime
TCTCC	2507905	0.08959888105707803	3050923	0.09369384353193082	5558828	0.00409496247485279	0.06447283465200436	0.06447283465200436	5prime
GACGG	564565	0.020169979438610815	686776	0.02109089055524683	1251341	0.0009209111166360133	0.06440727744360474	0.06440727744360474	5prime
GGTTT	5004071	0.17877836773329672	5567809	0.1709874111085977	10571880	-0.00779095662469903	-0.06428170153313488	0.06428170153313488	5prime
TTTGG	1236972	0.04419278525260563	1376407	0.04226945815881106	2613379	-0.0019233270937945718	-0.06419375554921175	0.06419375554921175	5prime
TAGAT	2238064	0.07995838364456719	2722069	0.08359473738574176	4960133	0.003636353741174575	0.06416202867697411	0.06416202867697411	5prime
TGTTC	3485109	0.12451104278748681	4238659	0.1301692153919356	7723768	0.005658172604448786	0.06411409290412613	0.06411409290412613	5prime
TGCGT	497516	0.017774547643548393	605035	0.018580624493421093	1102551	0.0008060768498726993	0.06398262619900676	0.06398262619900676	5prime
TAACC	1409385	0.050352512945518235	1713794	0.052630612729971174	3123179	0.002278099784452939	0.06383717005344818	0.06383717005344818	5prime
TATCC	1938243	0.06924680321492005	2356645	0.07237256656110531	4294888	0.0031257633461852646	0.06369456470494228	0.06369456470494228	5prime
TATGC	2216086	0.07917318476029028	2694299	0.08274192070210808	4910385	0.003568735941817794	0.06360577625579299	0.06360577625579299	5prime
TGAAT	5066792	0.18101917486864713	6159916	0.18917101672963793	11226708	0.0081518418609908	0.06354819781017418	0.06354819781017418	5prime
GTATT	1785942	0.06380560859874679	1988170	0.061056699528266985	3774112	-0.0027489090704798033	-0.06353262087812922	0.06353262087812922	5prime
CATCC	2427210	0.08671592428363528	2702114	0.08298191934750229	5129324	-0.0037340049361329897	-0.06349917515789848	0.06349917515789848	5prime
CGGTA	394157	0.014081883548545381	479170	0.01471531041759995	873327	0.0006334268690545691	0.06347324910857567	0.06347324910857567	5prime
ACAAG	2791755	0.0997398721983101	3393738	0.10422169197989192	6185493	0.004481819781581825	0.06341269987562939	0.06341269987562939	5prime
TTAGT	931457	0.03327777764818952	1037238	0.03185357836870116	1968695	-0.001424199279488357	-0.06310170142300132	0.06310170142300132	5prime
TCGAC	58084	0.0020751429608854084	64681	0.001986353471880089	122765	-8.878948900531945e-05	-0.06305729547073309	0.06305729547073309	5prime
TCTCG	915274	0.03269961432376268	1112256	0.03415738110448911	2027530	0.0014577667807264341	0.06292186288805648	0.06292186288805648	5prime
AGGCC	1370802	0.048974074117960884	1665738	0.0511548129982931	3036540	0.0021807388803322184	0.06285051148532372	0.06285051148532372	5prime
TGATT	4722392	0.16871493900801537	5737952	0.1762125025383235	10460344	0.007497563530308116	0.06272820146622848	0.06272820146622848	5prime
AAAGG	3358677	0.11999405919767442	4080904	0.12532455943490892	7439581	0.005330500237234498	0.0627056700944901	0.0627056700944901	5prime
CAGCG	592776	0.021177862126950775	720136	0.022115376135586028	1312912	0.0009375140086352526	0.06248993309432829	0.06248993309432829	5prime
AGGCG	484864	0.017322534890619492	589027	0.01808901882285545	1073891	0.0007664839322359569	0.06246056513031765	0.06246056513031765	5prime
TCCAA	4219402	0.15074482403838946	5125007	0.15738896194956417	9344409	0.006644137911174713	0.062225494135305696	0.062225494135305696	5prime
TGCTA	3948000	0.1410485574267542	4795272	0.14726280029389432	8743272	0.006214242867140118	0.06220069816814313	0.06220069816814313	5prime
GCAGT	3572289	0.12762568646440284	4338826	0.13324534390290194	7911115	0.005619657438499098	0.06216592289045343	0.06216592289045343	5prime
TATGA	5237434	0.18711563077959348	6360005	0.19531574980171498	11597439	0.008200119022121505	0.061877886017363125	0.061877886017363125	5prime
CGTCG	196628	0.007024846947747678	238772	0.007332687979279119	435400	0.0003078410315314412	0.061866737144110014	0.061866737144110014	5prime
GATGG	2785251	0.09950750648972254	3380959	0.10382924889742327	6166210	0.004321742407700738	0.061335040808699386	0.061335040808699386	5prime
CGGCT	1025509	0.036637934416958784	1244808	0.03822805294636926	2270317	0.0015901185294104753	0.06129191489420128	0.06129191489420128	5prime
TAGGC	1433402	0.051210558336530994	1739883	0.053431805904595564	3173285	0.00222124756806457	0.06125631897520867	0.06125631897520867	5prime
TGCCA	4779372	0.17075063981910366	5801175	0.17815408083106285	10580547	0.007403441011959194	0.061234194938737135	0.061234194938737135	5prime
GCATG	3905314	0.13952353242110113	4740065	0.1455673933564307	8645379	0.006043860935329576	0.06117833173327193	0.06117833173327193	5prime
TGGAC	1641318	0.058638686975320514	1992117	0.06117791189594081	3633435	0.002539224920620295	0.06115704568006713	0.06115704568006713	5prime
TACAT	4753010	0.1698088155863569	5768491	0.17715035521032524	10521501	0.0073415396239683295	0.061062648141633695	0.061062648141633695	5prime
TGACG	667003	0.023829739348864575	809416	0.024857164882968633	1476419	0.001027425534104058	0.06089608366009925	0.06089608366009925	5prime
TGGCA	3897028	0.13922750193811276	4728386	0.14520873127331377	8625414	0.00598122933520101	0.060683558802483294	0.060683558802483294	5prime
TAAGT	3087466	0.11030461636376676	3746075	0.11504196104224122	6833541	0.004737344678474462	0.06066646466416906	0.06066646466416906	5prime
TATTG	4211019	0.15044532807665986	5109136	0.15690156354891777	9320155	0.006456235472257904	0.060620028501556934	0.060620028501556934	5prime
GCCAG	6149620	0.219704921408996	7461063	0.22912924033280366	13610683	0.009424318923807656	0.06059412324766895	0.06059412324766895	5prime
TAGTT	1881104	0.06720542187682296	2282169	0.07008540864499793	4163273	0.002879986768174969	0.06053560423729855	0.06053560423729855	5prime
AAGTC	669553	0.023920842140515593	812302	0.02494579394126776	1481855	0.0010249518007521656	0.0605259273772501	0.0605259273772501	5prime
TAGAG	2914192	0.10411412808120257	3535426	0.10857293037638774	6449618	0.004458802295185166	0.06049803047239968	0.06049803047239968	5prime
AGGTG	1750525	0.06254028013917654	2123641	0.0652170138584268	3874166	0.002676733719250271	0.06046175642546402	0.06046175642546402	5prime
TAAAC	2706521	0.09669475245572853	3283047	0.10082237143512794	5989568	0.004127618979399408	0.06030567948904544	0.06030567948904544	5prime
TGAGG	6511580	0.23263651610154618	7897408	0.24252939502564264	14408988	0.00989287892409646	0.06008179318896436	0.06008179318896436	5prime
TCTTA	4521043	0.16152142685266596	5482816	0.16837727612868852	10003859	0.006855849276022563	0.05997152417124829	0.05997152417124829	5prime
AATTA	2866216	0.10240010944110481	3198663	0.09823093884485988	6064879	-0.004169170596244928	-0.05996726640241042	0.05996726640241042	5prime
GAAAG	4862560	0.1737226629688546	5896812	0.18109109304469895	10759372	0.00736843007584434	0.05992927832233277	0.05992927832233277	5prime
TAATA	6649442	0.23756185455746492	8063210	0.2476211743479268	14712652	0.010059319790461874	0.05983123912883692	0.05983123912883692	5prime
GTCAT	1209544	0.04321287648029028	1350158	0.04146335138428097	2559702	-0.0017495250960093064	-0.05962312818736182	0.05962312818736182	5prime
ACGGA	232650	0.008311789991219445	282066	0.008662246693763689	514716	0.000350456702544244	0.05957503519940652	0.05957503519940652	5prime
TAGCC	1119113	0.03998208567566545	1356780	0.041666713000378275	2475893	0.0016846273247128271	0.0595401018853725	0.0595401018853725	5prime
TTTGC	898803	0.03211116174286702	1003420	0.03081502760863189	1902223	-0.0012961341342351274	-0.059438887581755334	0.059438887581755334	5prime
GGTGA	6389508	0.22827530042216448	7745749	0.23787194722502325	14135257	0.009596646802858766	0.059410119344919826	0.059410119344919826	5prime
TGACA	5193234	0.18553651572430915	6294878	0.19331569967009773	11488112	0.007779183945788581	0.05925534061581039	0.05925534061581039	5prime
ACACG	670775	0.02396450002733816	813028	0.024968089400839895	1483803	0.0010035893735017357	0.059184167165726685	0.059184167165726685	5prime
CGCCC	831292	0.02969922426555252	1007148	0.03092951448643478	1838440	0.0012302902208822589	0.05855700605175466	0.05855700605175466	5prime
TGAGA	9578924	0.34222224212272395	11604231	0.3563659271710171	21183155	0.014143685048293164	0.05842570904429456	0.05842570904429456	5prime
GGGTG	2969565	0.10609241627025821	3596778	0.1104570502602298	6566343	0.004364633989971584	0.05816343596021577	0.05816343596021577	5prime
AGTCT	2049570	0.07322413673889377	2290173	0.07033121148028075	4339743	-0.0028929252586130244	-0.05815340097897874	0.05815340097897874	5prime
GTAGG	919316	0.032844021180175785	1113478	0.03419490872376893	2032794	0.0013508875435931447	0.0581490322494599	0.0581490322494599	5prime
GATTA	2790629	0.09969964406364379	3118319	0.0957635746522108	5908948	-0.003936069411432985	-0.05811075328167221	0.05811075328167221	5prime
GCAAA	5758646	0.2057367555803821	6974464	0.21418578532958205	12733110	0.008449029749199949	0.05806290130902114	0.05806290130902114	5prime
AAGTA	1624594	0.058041195568429675	1967521	0.06042256875043653	3592115	0.002381373182006853	0.05800930194323502	0.05800930194323502	5prime
TACGA	429093	0.015330027520749304	519655	0.015958604743740012	948748	0.0006285772229907075	0.057970529175866925	0.057970529175866925	5prime
AACGG	359699	0.012850816883952905	435608	0.013377521423273324	795307	0.0005267045393204193	0.05794634984429211	0.05794634984429211	5prime
GTTGC	999841	0.03572090443417512	1117448	0.0343168274214292	2117289	-0.001404077012745919	-0.05785077440044552	0.05785077440044552	5prime
CGTTG	2328148	0.08317677732421049	2819157	0.0865763098085227	5147305	0.003399532484312212	0.057790838988886734	0.057790838988886734	5prime
AAGGC	1054725	0.03768172232318474	1277159	0.03922155213730311	2331884	0.0015398298141183764	0.05778021829573817	0.05778021829573817	5prime
CGAGT	1018308	0.0363806672786533	1232949	0.03786386306335839	2251257	0.0014831957847050922	0.057648051751051185	0.057648051751051185	5prime
ATAGG	1032680	0.03689412975771544	1250317	0.03839723433312252	2282997	0.0015031045754070813	0.057609583214421126	0.057609583214421126	5prime
CCTTT	12102186	0.4323697763450509	13528914	0.41547294096670034	25631100	-0.016896835378350572	-0.057511023326393726	0.057511023326393726	5prime
GCACT	2457457	0.08779654629895621	2974738	0.09135420222683063	5432195	0.003557655927874423	0.05730626459002879	0.05730626459002879	5prime
GAGCA	2130647	0.07612074106779168	2579051	0.07920265469002978	4709698	0.0030819136222381	0.05725844251640815	0.05725844251640815	5prime
TGTTT	8144222	0.29096523922574347	9857975	0.3027384064401775	18002197	0.011773167214434055	0.057224710399993085	0.057224710399993085	5prime
GTTAT	1697171	0.06063412392515752	1897696	0.05827824304158807	3594867	-0.0023558808835694514	-0.05717160232279757	0.05717160232279757	5prime
CCGTG	643075	0.02297487362391337	778363	0.0239035272712698	1421438	0.0009286536473564304	0.05716415674390039	0.05716415674390039	5prime
CAGAG	5636707	0.20138029153680026	6821769	0.2094965219695732	12458476	0.00811623043277293	0.05700351699413108	0.05700351699413108	5prime
ACAGC	1969674	0.07036972550683503	2383629	0.07320124518520223	4353303	0.0028315196783672003	0.05691251110690681	0.05691251110690681	5prime
GAGGA	2882078	0.10296680453175912	3487716	0.10710775630450575	6369794	0.004140951772746634	0.056883114328256414	0.056883114328256414	5prime
GGCTG	7598350	0.271463096839812	9191659	0.2822758424728725	16790009	0.010812745633060505	0.05634937389697884	0.05634937389697884	5prime
TCTCT	5155529	0.1841894448383477	6236377	0.19151913399457546	11391906	0.007329689156227753	0.05629784540341137	0.05629784540341137	5prime
TATCT	3726014	0.13311775573756082	4506136	0.13838343390429736	8232150	0.005265678166736537	0.05596781758702503	0.05596781758702503	5prime
GGAGT	4524730	0.16165315077141784	5471689	0.16803556596524627	9996419	0.006382415193828428	0.05586465616148352	0.05586465616148352	5prime
CAGAC	2128433	0.07604164240868763	2573747	0.07903976885315571	4702180	0.002998126444468077	0.05578831539358554	0.05578831539358554	5prime
GGGGT	1912047	0.06831090959527689	2312000	0.07100151863741697	4224047	0.0026906090421400797	0.05573307959219492	0.05573307959219492	5prime
TAGCT	1936899	0.06919878668473223	2341993	0.0719226036497405	4278892	0.0027238169650082716	0.05569771662805582	0.05569771662805582	5prime
CCACG	2464608	0.08805202710801364	2979846	0.09151106890382023	5444454	0.0034590417958065833	0.05558942094842704	0.05558942094842704	5prime
TCGAA	344629	0.012312417248587861	385772	0.011847057892644296	730401	-0.0004653593559435648	-0.055580602385296836	0.055580602385296836	5prime
TAGGT	1809721	0.06465515106253877	2187937	0.0671915439805338	3997658	0.0025363929179950256	0.0555135259069696	0.0555135259069696	5prime
GACAG	3571689	0.12760425051342614	4318124	0.1326095854951027	7889813	0.0050053349816765735	0.05550824938183434	0.05550824938183434	5prime
CAGGG	4185944	0.14954948395875817	5060241	0.1553999981277342	9246185	0.005850514168976029	0.055363190930921846	0.055363190930921846	5prime
TAAAT	6523887	0.23307620318266342	7886293	0.2421880533821933	14410180	0.00911185019952987	0.05532575440376626	0.05532575440376626	5prime
TTAGA	1355235	0.048417918369870125	1517334	0.046597326245755376	2872569	-0.001820592124114749	-0.055292715346227754	0.055292715346227754	5prime
CCAGG	12707491	0.4539952568549803	15360867	0.47173221651703423	28068358	0.01773695966205391	0.05529078733303149	0.05529078733303149	5prime
GAGAA	3879899	0.13861554126431264	4689481	0.14401395874624254	8569380	0.005398417481929901	0.05511924517406111	0.05511924517406111	5prime
GCGAC	92695	0.0033116757929769463	103802	0.0031877593588240287	196497	-0.00012391643415291757	-0.05500178768826024	0.05500178768826024	5prime
TAACG	487864	0.017429714645503042	589536	0.018104650212555466	1077400	0.0006749355670524239	0.054808267972686016	0.054808267972686016	5prime
TAAGC	1848038	0.06602408661849646	2233050	0.06857696418394633	4081088	0.0025528775654498764	0.05473078777178525	0.05473078777178525	5prime
CGCTG	1004068	0.03587192070880604	1213158	0.03725608146502227	2217226	0.001384160756216224	0.054619453413825264	0.054619453413825264	5prime
CGGCG	239840	0.008568664137090358	289778	0.008899082209218603	529618	0.0003304180721282451	0.054579998943208405	0.054579998943208405	5prime
ACCGG	336444	0.01201999515068057	406438	0.012481710740464736	742882	0.00046171558978416564	0.05437492968640128	0.05437492968640128	5prime
TAAGG	2942896	0.10513962397592838	3554983	0.10917352583486178	6497879	0.004033901858933403	0.05431606325981358	0.05431606325981358	5prime
TGCGG	598617	0.02138654110970905	723104	0.02220652341383683	1321721	0.0008199823041277823	0.05427788452990013	0.05427788452990013	5prime
GAGGT	1611396	0.05756967610011197	1946403	0.05977403498288247	3557799	0.002204358882770499	0.054208914147196086	0.054208914147196086	5prime
TAGGG	1905732	0.068085296211247	2301845	0.07068965859340183	4207577	0.0026043623821548345	0.054155127952893095	0.054155127952893095	5prime
GTCTA	1463818	0.052297218144710354	1640220	0.0503711552333322	3104038	-0.0019260629113781527	-0.054135333410713915	0.054135333410713915	5prime
TCACA	4374267	0.15627762161840322	5283165	0.16224599403635334	9657432	0.0059683724179501185	0.05407131345843804	0.05407131345843804	5prime
TACGC	210570	0.0075229469952765035	254309	0.007809829240122348	464879	0.0002868822448458446	0.05398603545716209	0.05398603545716209	5prime
CAGGC	3666908	0.1310061002068451	4428522	0.13599990801003936	8095430	0.00499380780319425	0.0539712798706266	0.0539712798706266	5prime
TACGT	479050	0.01711482052565517	578511	0.01776607246905308	1057561	0.0006512519433979069	0.05387552775906967	0.05387552775906967	5prime
TCTAA	4013984	0.14340594040883298	4847192	0.14885726346329514	8861176	0.005451323054462165	0.05382446383713458	0.05382446383713458	5prime
AGCGG	370580	0.013239557854915547	447478	0.013742049116277709	818058	0.0005024912613621618	0.05373821728639985	0.05373821728639985	5prime
ACGTA	195911	0.006999230986330507	236545	0.007264296810591606	432456	0.0002650658242610987	0.053619210373501966	0.053619210373501966	5prime
GAGAC	1408245	0.05031178463866248	1700274	0.05221541353793922	3108519	0.0019036288992767408	0.053578330145696164	0.053578330145696164	5prime
GGAGA	9195630	0.32852845646661194	11102247	0.34094999882686267	20297877	0.012421542360250726	0.05354168065607825	0.05354168065607825	5prime
GGGGA	3943270	0.14087957067988782	4760840	0.1462053935941869	8704110	0.005325822914299089	0.05353374323982882	0.05353374323982882	5prime
CTAGG	2249666	0.08037288348328683	2715992	0.08340811271932325	4965658	0.003035229236036413	0.05347822011970877	0.05347822011970877	5prime
AATAC	1209462	0.04320994690032346	1355867	0.04163867477091635	2565329	-0.0015712721294071086	-0.053438045251191356	0.053438045251191356	5prime
CTCGA	580359	0.020734245121487752	650771	0.019985177026466464	1231130	-0.000749068095021288	-0.05308256365450418	0.05308256365450418	5prime
TAGAA	5172538	0.1847971183219525	6242877	0.19171874899074465	11415415	0.006921630668792145	0.05304888940967475	0.05304888940967475	5prime
TCTAT	3212162	0.11475957860208655	3876751	0.119055020925227	7088913	0.004295442323140455	0.0530134356741991	0.0530134356741991	5prime
GGAGG	8311479	0.2969407606465962	10030363	0.3080324418185802	18341842	0.011091681171984002	0.05290698421045668	0.05290698421045668	5prime
ACCCT	2457611	0.08780204819304023	2756260	0.0846447429755912	5213871	-0.00315730521744903	-0.052833512025935093	0.052833512025935093	5prime
TGTAC	2308564	0.08247710788433066	2785833	0.08555292978816227	5094397	0.003075821903831613	0.052822887740026116	0.052822887740026116	5prime
CGCAG	909772	0.03250304665330624	1097800	0.033713437353008795	2007572	0.0012103906997025515	0.05274718090217686	0.05274718090217686	5prime
TGCCG	564507	0.020167907296683066	681171	0.020918761008550148	1245678	0.0007508537118670819	0.05273344575808132	0.05273344575808132	5prime
CAAGG	5290727	0.18901960767192985	6383469	0.19603632922788639	11674196	0.007016721555956534	0.05258486645527608	0.05258486645527608	5prime
TATTC	3415164	0.12201214680237682	4120399	0.12653745086163243	7535563	0.004525304059255608	0.052539233773762004	0.052539233773762004	5prime
AAAGC	2239712	0.08001726105658322	2702154	0.08298314774747871	4941866	0.0029658866908954945	0.052506491765244634	0.052506491765244634	5prime
TGGAA	7048167	0.25180693714611296	8502920	0.2611246681887826	15551087	0.009317731042669641	0.052420520540365105	0.052420520540365105	5prime
CAGTC	1560275	0.055743297350311284	1882235	0.05780343574070004	3442510	0.002060138390388759	0.052355980435998005	0.052355980435998005	5prime
AAGAG	2127383	0.07600412949447839	2565991	0.07880158209772671	4693374	0.0027974526032483182	0.05214611517033795	0.05214611517033795	5prime
CGAAG	1014142	0.03623183032570501	1223046	0.03755974193919474	2237188	0.0013279116134897323	0.05192805465663134	0.05192805465663134	5prime
CGTGC	1014578	0.036247407116748086	1223562	0.03757558829889064	2238140	0.0013281811821425557	0.05191648631568924	0.05191648631568924	5prime
TGTAT	5715695	0.20420226302971428	6892982	0.21168347315760364	12608677	0.007481210127889354	0.051909533312806545	0.051909533312806545	5prime
TCAAT	2361064	0.08435275359479281	2847066	0.08743339518207445	5208130	0.003080641587281635	0.05174865536167623	0.05174865536167623	5prime
TATAG	3615112	0.1291556060121956	4359202	0.1338710908508933	7974314	0.004715484838697687	0.05173378907793867	0.05173378907793867	5prime
TCAAC	1492244	0.05331278204881698	1799108	0.055250605619691154	3291352	0.0019378235708741726	0.05150786037230304	0.05150786037230304	5prime
GCTCT	4098559	0.1464275163319251	4601026	0.1412975057483737	8699585	-0.00513001058355142	-0.05145033066883722	0.05145033066883722	5prime
CCGGG	856396	0.03059610445441809	1032395	0.031704849841555395	1888791	0.0011087453871373061	0.051353916796688576	0.051353916796688576	5prime
TGTAA	7100051	0.253660575280239	8558709	0.2628379483459032	15658760	0.009177373065664185	0.05127407868911267	0.05127407868911267	5prime
CCTCC	7721825	0.2758744369178942	8670147	0.266260209260227	16391972	-0.00961422765766723	-0.05117474712194787	0.05117474712194787	5prime
TATGT	4394458	0.15699897709535449	5296774	0.16266392641833285	9691232	0.005664949322978369	0.05113886403229186	0.05113886403229186	5prime
TGAAA	10547768	0.3768357296028573	12712427	0.390398625677899	23260195	0.013562896075041742	0.05101208090741008	0.05101208090741008	5prime
TCTTC	3501565	0.12509895946960806	4220132	0.12960025123285454	7721697	0.004501291763246484	0.050998324668424945	0.050998324668424945	5prime
GCAAC	1735529	0.062004524271098614	2091678	0.06423543014726428	3827207	0.002230905876165666	0.050994963701477096	0.050994963701477096	5prime
GTAGT	997983	0.035654524439317235	1202658	0.036933626471210464	2200641	0.0012791020318932284	0.05084836336292537	0.05084836336292537	5prime
TAAGA	5429658	0.1939831378471721	6542283	0.20091350707428898	11971941	0.006930369227116873	0.05064305038922971	0.05064305038922971	5prime
CACTC	3300422	0.11791280699076064	3707247	0.11384955318512462	7007669	-0.004063253805636019	-0.05059135767695443	0.05059135767695443	5prime
TATCA	4962848	0.17730561072144183	5978817	0.1836094665463691	10941665	0.0063038558249272625	0.05040197374600224	0.05040197374600224	5prime
CGGCC	746656	0.02667546902077776	899405	0.027620727019933386	1646061	0.0009452579991556243	0.0502358058114723	0.0502358058114723	5prime
GCCCA	5494231	0.19629011061787063	6617419	0.2032209335900074	12111650	0.006930822972136763	0.05006128015545371	0.05006128015545371	5prime
GAGAT	1878315	0.06710578043136622	2262284	0.06947474030671721	4140599	0.00236895987535099	0.05005075942418209	0.05005075942418209	5prime
GCGGG	254828	0.009104134192488582	286351	0.008793839041238314	541179	-0.0003102951512502679	-0.050023105506967515	0.050023105506967515	5prime
AGTAT	1849320	0.0660698881004167	2078109	0.0638187261652612	3927429	-0.0022511619351554962	-0.05001231863700143	0.05001231863700143	5prime
TTGAC	613955	0.02193451546984369	690000	0.021189899593346755	1303955	-0.0007446158764969346	-0.049823775002930865	0.049823775002930865	5prime
CAGTA	3225837	0.11524813965143074	3884621	0.1192967086205888	7110458	0.004048568969158062	0.049810352308792126	0.049810352308792126	5prime
CACTT	4054698	0.1448605125889426	4557445	0.1399591332640583	8612143	-0.004901379324884325	-0.04965840120304574	0.04965840120304574	5prime
GAGGC	1898593	0.06783024412120911	2285917	0.07020050972278903	4184510	0.002370265601579921	0.04955210270220408	0.04955210270220408	5prime
GAGAG	2440610	0.08719466052211515	2938357	0.09023694173827188	5378967	0.0030422812161567253	0.0494778232936199	0.0494778232936199	5prime
ATGGT	777436	0.027775133305883003	935939	0.028742686138401984	1713375	0.0009675528325189808	0.049399310453279784	0.049399310453279784	5prime
AAGAT	1711964	0.06116262729648831	2060467	0.06327694035565856	3772431	0.0021143130591702516	0.04902867407889085	0.04902867407889085	5prime
CAGAA	7795149	0.2784940530335881	9381872	0.28811728359077005	17177021	0.00962323055718195	0.04900951395326841	0.04900951395326841	5prime
GTAGC	653008	0.023329745792332806	785915	0.024135449186819008	1438923	0.000805703394486202	0.048981025495259276	0.048981025495259276	5prime
CGGGT	669992	0.023936526111313555	806264	0.024760366964826273	1476256	0.0008238408535127181	0.04881690077476225	0.04881690077476225	5prime
TTGAA	2625859	0.09381297465958952	2953174	0.09069197179953944	5579033	-0.0031210028600500705	-0.048812090349055724	0.048812090349055724	5prime
TCTGT	4250899	0.15187010428491188	5115283	0.15709033791529503	9366182	0.005220233630383153	0.048756230029784534	0.048756230029784534	5prime
TGTTA	6020923	0.21510701710424654	7244771	0.22248691314027588	13265694	0.007379896036029343	0.048665667280012814	0.048665667280012814	5prime
GGGGC	2008406	0.0717534875955516	2416617	0.07421430664576066	4425023	0.002460819050209062	0.048647706145534625	0.048647706145534625	5prime
GGCCA	5413533	0.193407046664673	6513739	0.20003692085111147	11927272	0.006629874186438456	0.04862569637482292	0.04862569637482292	5prime
GCAAT	3071945	0.1097501040385842	3696197	0.11351020769163696	6768142	0.0037601036530527515	0.048599298520155564	0.048599298520155564	5prime
GGCGG	1430417	0.051103914480421855	1720972	0.0528510491057408	3151389	0.0017471346253189468	0.0484973729127658	0.0484973729127658	5prime
GGAAG	6562367	0.2344509621719698	7894808	0.24244954902717494	14457175	0.007998586855205131	0.04839816741668273	0.04839816741668273	5prime
CCGTT	382612	0.013669420125168513	460259	0.014134553618745193	842871	0.0004651334935766808	0.048270806262000907	0.048270806262000907	5prime
GATAC	1110666	0.039680303212498325	1249654	0.03837687360351326	2360320	-0.0013034296089850655	-0.04818462887955637	0.04818462887955637	5prime
CAGTT	2574625	0.09198255880568822	3096851	0.09510429238486304	5671476	0.0031217335791748207	0.04814960982116356	0.04814960982116356	5prime
TCGAG	164666	0.005882953839218316	185288	0.005690194370800049	349954	-0.00019275946841826753	-0.04805447587578295	0.04805447587578295	5prime
ACCTA	2948675	0.10534608791041906	3318085	0.10189838839447822	6266760	-0.003447699515940844	-0.04800504216315011	0.04800504216315011	5prime
CAGGT	3529267	0.12608865732620278	4244674	0.13035393603839066	7773941	0.0042652787121878755	0.04799527168422839	0.04799527168422839	5prime
GCCGG	994838	0.035542164329614316	1196370	0.036740521994916314	2191208	0.0011983576653019981	0.047839263395150426	0.047839263395150426	5prime
GCACC	1545236	0.05520600523908004	1858068	0.05706126718494292	3403304	0.001855261945862878	0.047685726115179114	0.047685726115179114	5prime
CGTCT	1177699	0.042075163382201373	1416070	0.043487508865435565	2593769	0.0014123454832341911	0.04763108069206728	0.04763108069206728	5prime
TATAC	2598238	0.09282617065637666	3123938	0.09593613413889925	5722176	0.0031099634825225847	0.047542197355470786	0.047542197355470786	5prime
TAACA	4929720	0.17612206041484774	5927013	0.1820185657368999	10856733	0.005896505322052159	0.04750971894816347	0.04750971894816347	5prime
TATAA	7573158	0.2705630727114699	9105164	0.2796195810738486	16678322	0.009056508362378701	0.04750027069606295	0.04750027069606295	5prime
GGAGC	3004690	0.10734731256701979	3612410	0.11093710897101704	6617100	0.0035897964039972446	0.047455525574677956	0.047455525574677956	5prime
TAGTA	2350092	0.0839607615045987	2824940	0.08675390573511448	5175032	0.0027931442305157705	0.04721290570136886	0.04721290570136886	5prime
ACTCA	3720744	0.13292947663481539	4189521	0.1286601874408952	7910265	-0.004269289193920195	-0.04709499679501446	0.04709499679501446	5prime
AGCGC	317275	0.011335152243559637	357253	0.010971239419452041	674528	-0.0003639128241075956	-0.047073030840044126	0.047073030840044126	5prime
GCCCG	1230785	0.04397174487145078	1479169	0.04542527911824801	2709954	0.0014535342467972279	0.04691754717188358	0.04691754717188358	5prime
AAGGT	1162754	0.04154122956995648	1397334	0.04291212631647767	2560088	0.0013708967465211955	0.0468403607990643	0.0468403607990643	5prime
TATTT	9623626	0.3438192919236588	11563718	0.35512177296489356	21187344	0.011302481041234769	0.046663185336520474	0.046663185336520474	5prime
TAAAA	13198636	0.471542190425741	15855978	0.48693707503523925	29054614	0.015394884609498227	0.04634839448199264	0.04634839448199264	5prime
AGTAC	1019089	0.03640856974150799	1148088	0.035257781803371434	2167177	-0.0011507879381365549	-0.04633506212253107	0.04633506212253107	5prime
GGGTA	1777280	0.06349614491981301	2135021	0.06556649365171997	3912301	0.0020703487319069652	0.046289024092661536	0.046289024092661536	5prime
GGCAG	6518150	0.2328712397647411	7829604	0.2404471342256031	14347754	0.007575894460861987	0.04618706256206931	0.04618706256206931	5prime
CAGAT	3248683	0.11606434921145395	3902307	0.1198398456701655	7150990	0.003775496458711558	0.04618238312085556	0.04618238312085556	5prime
AGGGT	1199720	0.0428618985096316	1441027	0.0442539383207271	2640747	0.001392039811095494	0.04610903924898823	0.04610903924898823	5prime
CGGAG	883162	0.03155236222748913	1060712	0.032574464894866706	1943874	0.0010221026673775738	0.04599202563666801	0.04599202563666801	5prime
CACGG	863964	0.030866483249404327	1037631	0.031865647398469546	1901595	0.0009991641490652188	0.045959386164438766	0.045959386164438766	5prime
ACAGT	2696493	0.09633648626173778	3238516	0.09945482445137242	5935009	0.0031183381896346396	0.045958582260881634	0.045958582260881634	5prime
TATTA	6681487	0.23870671297254606	8024101	0.24642013698097578	14705588	0.007713424008429726	0.04588082710312516	0.04588082710312516	5prime
AATCA	2496278	0.08918348805373434	2813152	0.08639189626206176	5309430	-0.0027915917916725846	-0.04588011229327987	0.04588011229327987	5prime
TGAGC	3470404	0.1239856833556326	4167754	0.12799172288372365	7638158	0.004006039528091046	0.04587660915257662	0.04587660915257662	5prime
AGGGC	1179903	0.04215390477545582	1416951	0.04351456437491635	2596854	0.00136065959946053	0.045831007114409385	0.045831007114409385	5prime
ATCAA	1400761	0.05004440687681298	1578777	0.048484240739543785	2979538	-0.0015601661372691977	-0.04569201861234223	0.04569201861234223	5prime
CCCGG	2830324	0.10111781085367799	3398181	0.10435813650727345	6228505	0.0032403256535954578	0.04550550932066311	0.04550550932066311	5prime
AATAT	2449977	0.08752931144344656	2761722	0.08481248099237217	5211699	-0.0027168304510743896	-0.04548910624840183	0.04548910624840183	5prime
GTGGG	1130618	0.04039312003564387	1357420	0.04168636740000109	2488038	0.0012932473643572223	0.04546496479051099	0.04546496479051099	5prime
CCGTA	363636	0.012991472448945085	436536	0.013406020302726406	800172	0.00041454785378132117	0.04531263557583838	0.04531263557583838	5prime
TCTGA	4777202	0.17067311312973787	5732891	0.1760570792313062	10510093	0.005383966101568327	0.04480717813751502	0.04480717813751502	5prime
GTTGT	1355079	0.048412345022616175	1528295	0.04693393854929548	2883374	-0.0014784064733206967	-0.04474250733434848	0.04474250733434848	5prime
GGTAG	3327845	0.11889253713015119	3993271	0.12263335005655565	7321116	0.003740812926404463	0.044692842043757154	0.044692842043757154	5prime
GGCCT	3948421	0.14106359831902288	4737532	0.14548960492792354	8685953	0.004426006608900662	0.0445700204550289	0.0445700204550289	5prime
AAGCA	2477632	0.0885173301505481	2972741	0.09129287435800758	5450373	0.002775544207459471	0.044541825666657375	0.044541825666657375	5prime
TGATA	5437389	0.19425934007550702	6523443	0.2003349306853924	11960832	0.006075590609885384	0.04442980250874126	0.04442980250874126	5prime
GTTCA	2512534	0.08976425941886335	2834407	0.08704463729953507	5346941	-0.0027196221193282744	-0.044385214829438975	0.044385214829438975	5prime
CGCTA	528058	0.018865709001432873	633473	0.019453955456661086	1161531	0.0005882464552282134	0.044294887589381854	0.044294887589381854	5prime
CGGCA	783809	0.028002818831840626	940196	0.028873418605893108	1724005	0.0008705997740524815	0.04416831938472028	0.04416831938472028	5prime
CGCCA	1365153	0.04877225463951514	1637488	0.05028725551494231	3002641	0.0015150008754271638	0.04413126097751454	0.04413126097751454	5prime
GTAGA	1835695	0.06558311338032057	2201843	0.06761859723233826	4037538	0.002035483852017697	0.04409503383877196	0.04409503383877196	5prime
ACGAT	135207	0.004830484372846797	162174	0.004980363444422343	297381	0.00014987907157554617	0.044074179944577255	0.044074179944577255	5prime
TCAAA	5303020	0.18945879458085768	6360416	0.19532837161147276	11663436	0.005869577030615081	0.04401717772859921	0.04401717772859921	5prime
CGCTC	735145	0.02626422030128957	881703	0.027077098610366106	1616848	0.0008128783090765347	0.04397275301479915	0.04397275301479915	5prime
GGGCA	3839423	0.13716947201142374	4604567	0.1414062498562868	8443990	0.0042367778448630655	0.043886134743133805	0.043886134743133805	5prime
GAAAA	8643385	0.3087986285547229	10365805	0.3183338654408866	19009190	0.0095352368861637	0.043874158727317376	0.043874158727317376	5prime
GGGAC	2029168	0.0724952429525157	2433447	0.07473115593584186	4462615	0.0022359129833261493	0.04382291218195183	0.04382291218195183	5prime
CCCGA	2767680	0.09887975466536958	3318972	0.10192562816395546	6086652	0.0030458734985858854	0.04376934329702534	0.04376934329702534	5prime
AAGCC	881601	0.031496593028364724	1057207	0.03246682634693238	1938808	0.0009702333185676593	0.04376921696275379	0.04376921696275379	5prime
GTTAC	1024441	0.03659977842422024	1156196	0.03550677847859297	2180637	-0.0010929999456272751	-0.04373923013740068	0.04373923013740068	5prime
CAAAG	8447719	0.3018081505817079	10130154	0.31109702336976813	18577873	0.009288872788060232	0.0437326806763695	0.0437326806763695	5prime
CAAGA	7504935	0.26812569790566304	8998507	0.27634414466670715	16503442	0.008218446761044107	0.043556386416939194	0.043556386416939194	5prime
CAAGT	4607223	0.16460034394462078	5524105	0.16964526129435475	10131328	0.005044917349733974	0.043553520743942635	0.043553520743942635	5prime
ACCCG	860087	0.030727971279509814	1031218	0.03166870417224907	1891305	0.0009407328927392537	0.043503920845125645	0.043503920845125645	5prime
CTAGC	1158757	0.04139843040986663	1389107	0.04265947515132628	2547864	0.0012610447414596535	0.04328911579158848	0.04328911579158848	5prime
AAAGT	3211543	0.11473746384599558	3849141	0.11820711784149902	7060684	0.0034696539955034467	0.042980006782046096	0.042980006782046096	5prime
TGGGA	6926384	0.2474560464497851	8300164	0.2548980315482774	15226548	0.007441985098492282	0.04274776788628113	0.04274776788628113	5prime
TCACG	688593	0.024601076318176537	825128	0.02533968039370873	1513721	0.000738604075532192	0.0426751826857384	0.0426751826857384	5prime
TAGTG	1761564	0.06293466591056303	2110746	0.0648210084160265	3872310	0.0018863425054634758	0.04260589086958516	0.04260589086958516	5prime
CAGCA	5313333	0.18982724285156238	6366221	0.19550664315805158	11679554	0.005679400306489196	0.04253035516516951	0.04253035516516951	5prime
AATGT	1991271	0.07114131256224171	2249530	0.0690830649742338	4240801	-0.0020582475880079054	-0.042354896656862116	0.042354896656862116	5prime
TTCAT	1289252	0.04606057111437632	1544472	0.04743073420976152	2833724	0.0013701630953852004	0.04228899666025287	0.04228899666025287	5prime
AAAAG	4664337	0.16664083211809386	5587653	0.17159682033690257	10251990	0.004955988218808716	0.042280621541528694	0.042280621541528694	5prime
CATGG	5021743	0.17940972794273077	6015495	0.1847358479047528	11037238	0.005326119962022036	0.042205497848816526	0.042205497848816526	5prime
TAGCG	230243	0.008225796101217875	275767	0.008468804407476022	506010	0.00024300830625814673	0.04199796673109128	0.04199796673109128	5prime
TCGGT	74502	0.0026617020327781263	84186	0.002585352010384768	158688	-7.63500223933582e-05	-0.0419723504192397	0.0419723504192397	5prime
CTAGA	3092197	0.11047363883721813	3703496	0.11373435997733528	6795693	0.003260721140117148	0.04196563881027524	0.04196563881027524	5prime
CGCAC	525439	0.01877214107541953	629216	0.019323222989169962	1154655	0.0005510819137504314	0.041740347233870996	0.041740347233870996	5prime
GCAGC	2532137	0.09046460766385743	3032183	0.09311833814297528	5564320	0.0026537304791178495	0.04171137751628692	0.04171137751628692	5prime
CTCCA	3467384	0.12387778906904982	3918927	0.12035024586037046	7386311	-0.0035275432086793596	-0.041678109186007	0.041678109186007	5prime
GGGCG	935754	0.033431294783767725	1120453	0.034409110969658194	2056207	0.000977816185890469	0.04159016009464332	0.04159016009464332	5prime
CAGCT	3577853	0.12782446918312687	4283748	0.1315538985553623	7861601	0.0037294293722354155	0.04148964800223182	0.04148964800223182	5prime
CCCCG	2424147	0.08660649375389919	2902354	0.08913128962949034	5326501	0.0025247958755911515	0.04145630609242244	0.04145630609242244	5prime
CAGCC	2867496	0.10244583946985512	3433031	0.10542837998673449	6300527	0.0029825405168793645	0.04140148131793981	0.04140148131793981	5prime
CACAG	6525690	0.23314061821534848	7811781	0.2398997899061071	14337471	0.006759171690758625	0.0412313443116198	0.0412313443116198	5prime
GAAAC	2618838	0.09356213830657704	3134903	0.096272869282437	5753741	0.002710730975859957	0.04120402039288869	0.04120402039288869	5prime
ACTGG	2756935	0.09849587250996165	3300032	0.10134398077511779	6056967	0.002848108265156135	0.04112481776731411	0.04112481776731411	5prime
CAAGC	3215528	0.11487983428706589	3848365	0.11818328688195637	7063893	0.0033034525948904825	0.04090010420250533	0.04090010420250533	5prime
ACACA	4746538	0.16957759312848814	5680311	0.17444234746229437	10426849	0.004864754333806232	0.04080451845834645	0.04080451845834645	5prime
GGACG	627163	0.022406392204011007	750529	0.023048745147673837	1377692	0.0006423529436628307	0.0407760431645287	0.0407760431645287	5prime
GGCCG	1147280	0.040988396394267115	1372862	0.04216059121090031	2520142	0.001172194816633193	0.040678571276873805	0.040678571276873805	5prime
TTCGT	137447	0.00491051192315985	155454	0.004773992248382792	292901	-0.0001365196747770579	-0.04066881026843779	0.04066881026843779	5prime
TGCGC	343883	0.01228576521620682	411442	0.012635383577515617	755325	0.0003496183613087966	0.040478494035506477	0.040478494035506477	5prime
TAGCA	2866385	0.10240614723396324	3429402	0.10531693339887326	6295787	0.0029107861649100147	0.0404347095833544	0.0404347095833544	5prime
AGGCA	2776416	0.09919186211159048	3321591	0.10200605765241194	6098007	0.0028141955408214625	0.04036075910595922	0.04036075910595922	5prime
GAAAT	4799308	0.1714628850168898	5741368	0.17631740789631026	10540676	0.004854522879420453	0.04027836459877424	0.04027836459877424	5prime
GAACT	2271540	0.08115436680272778	2717041	0.08344032750870502	4988581	0.0022859607059772385	0.04007560725691028	0.04007560725691028	5prime
ATGGC	555063	0.019830505428309646	663915	0.02038882925872002	1218978	0.0005583238304103719	0.04005549643269444	0.04005549643269444	5prime
CGCAT	563785	0.020142112702341092	674316	0.02070824396259016	1238101	0.0005661312602490698	0.039988246385771954	0.039988246385771954	5prime
AAGCT	1161993	0.041514041638801014	1389795	0.042680603630920806	2551788	0.0011665619921197926	0.03998023676265546	0.03998023676265546	5prime
CGGGC	729038	0.026046038046931622	871884	0.02677555712615296	1600922	0.0007295190792213392	0.0398511488870952	0.0398511488870952	5prime
CGTCA	1037717	0.03707408456616492	1241002	0.038111170688612334	2278719	0.0010370861224474129	0.039801796172908264	0.039801796172908264	5prime
TTGCT	882063	0.0315130987106168	998308	0.03065803809164466	1880371	-0.0008550606189721387	-0.03968496883529598	0.03968496883529598	5prime
GGACT	2560586	0.09148099327941815	3061815	0.0940283368455116	5622401	0.0025473435660934435	0.03962314252419294	0.03962314252419294	5prime
CGGTC	239219	0.008546477927829463	286036	0.00878416539142396	525255	0.00023768746359449644	0.03957065478923541	0.03957065478923541	5prime
ACCAG	3101686	0.11081264840191479	3708506	0.11388821707438261	6810192	0.0030755686724678183	0.03949557810934856	0.03949557810934856	5prime
CACCG	878542	0.031387305404968466	1050362	0.0322566164009665	1928904	0.0008693109959980322	0.03941269529388363	0.03941269529388363	5prime
CCAGT	6884183	0.24594834883783817	8230449	0.2527570839393641	15114632	0.006808735101525909	0.03939599898849423	0.03939599898849423	5prime
GGGAT	2835898	0.10131695083825164	3390438	0.10412034898183681	6226336	0.00280339814358517	0.039376104470979875	0.039376104470979875	5prime
TTTGA	2096517	0.07490139272306648	2373875	0.07290169985095077	4470392	-0.0019996928721157103	-0.03903956189806001	0.03903956189806001	5prime
GAGTC	727700	0.02599823587625356	869669	0.026707534477458376	1597369	0.0007092986012048157	0.038831593378431145	0.038831593378431145	5prime
GAGTT	1241089	0.044339871602890824	1483123	0.04554670645591771	2724212	0.001206834853026889	0.03874127992825924	0.03874127992825924	5prime
AACAG	2358849	0.0842736192091038	2818667	0.08656126190881147	5177516	0.002287642699707673	0.038639994419171715	0.038639994419171715	5prime
CCAGC	9602170	0.34305274231673166	11473282	0.35234448345819225	21075452	0.009291741141460585	0.038556116319386734	0.038556116319386734	5prime
TCTTT	7011550	0.2504987367845893	8377516	0.2572735114226897	15389066	0.006774774638100445	0.03849944666524588	0.03849944666524588	5prime
TTGAT	1260012	0.045015925770111306	1427241	0.043830570268851905	2687253	-0.001185355501259401	-0.03849717330966584	0.03849717330966584	5prime
TCTGC	2741387	0.09794039556698518	3275000	0.10057524806987048	6016387	0.002634852502885296	0.03829898248491366	0.03829898248491366	5prime
CGTAG	733054	0.026189516012135736	875670	0.026891825183921674	1608724	0.0007023091717859378	0.03817683894672095	0.03817683894672095	5prime
GTGGT	955426	0.03413410816312413	1141289	0.035048984517378444	2096715	0.0009148763542543153	0.03815748363505161	0.03815748363505161	5prime
TTATA	2291761	0.08187679407722788	2737548	0.08407009746661916	5029309	0.0021933033893912768	0.038137671906463846	0.038137671906463846	5prime
ATAGA	1812089	0.06473975161572686	2164569	0.06647391271430579	3976658	0.0017341610985789346	0.03813586294586597	0.03813586294586597	5prime
CGAGA	1984135	0.07088636765195871	2369975	0.07278193085324924	4354110	0.0018955632012905288	0.03807158973812028	0.03807158973812028	5prime
CTAGT	1677350	0.05992598728464189	2003347	0.06152278518932238	3680697	0.0015967979046804873	0.03793841941816976	0.03793841941816976	5prime
AGCCT	2269925	0.08109666836801546	2572250	0.07899379598403795	4842175	-0.002102872383977508	-0.037902821624756444	0.037902821624756444	5prime
TTCAG	1024008	0.03658430881293205	1222952	0.037556855199250144	2246960	0.0009725463863180933	0.037850241409732345	0.037850241409732345	5prime
CAGGA	6980772	0.24939914395265397	8336612	0.2560173496067966	15317384	0.006618205654142645	0.03778491834813892	0.03778491834813892	5prime
GGGCT	2193734	0.0783746241332379	2619721	0.0804516303660608	4813455	0.002077006232822906	0.03773456338891687	0.03773456338891687	5prime
CCAGA	13469954	0.48123545600423956	16084792	0.4939639528403872	29554746	0.01272849683614763	0.03766274739037379	0.03766274739037379	5prime
CGCGT	146854	0.005246591907889707	175360	0.00538530549665114	322214	0.00013871358876143321	0.03764052838330593	0.03764052838330593	5prime
GGACA	4430027	0.15826973599583882	5289882	0.16245227310239466	9719909	0.004182537106555834	0.03763028318154651	0.03763028318154651	5prime
TTGTC	483253	0.017264979362247027	547723	0.016820573007198063	1030976	-0.0004444063550489638	-0.03761954898124351	0.03761954898124351	5prime
CATCT	4127225	0.1474516546164224	4678338	0.14367175722280967	8805563	-0.00377989739361273	-0.037465267306290226	0.037465267306290226	5prime
GAACA	3825166	0.13666011808963213	4566956	0.14025121606845292	8392122	0.0035910979788207897	0.037420731106042014	0.037420731106042014	5prime
AAGGA	2921763	0.1043846140559437	3488333	0.10712670437414214	6410096	0.0027420903181984424	0.03740872473353086	0.03740872473353086	5prime
GGCGA	846320	0.030236123384349195	1010412	0.031029751924511132	1856732	0.0007936285401619371	0.03737776112288142	0.03737776112288142	5prime
TCGTG	123695	0.004419199926773648	140228	0.0043064017973562735	263923	-0.00011279812941737428	-0.037293719131196876	0.037293719131196876	5prime
GTCAA	1446813	0.05168968756744543	1640349	0.05037511682325616	3087162	-0.0013145707441892668	-0.03716447441744899	0.03716447441744899	5prime
CCCGT	1681000	0.06005638931975021	1906002	0.0585333202966929	3587002	-0.001523069023057308	-0.03705899772756257	0.03705899772756257	5prime
TCAGT	2288553	0.08176218319267241	2731661	0.08388930770008868	5020214	0.00212712450741627	0.03705277378253355	0.03705277378253355	5prime
AGAGG	3484225	0.12447946048638114	4158570	0.12770968224913626	7642795	0.0032302217627551144	0.03695990070197527	0.03695990070197527	5prime
AGGTA	1320671	0.047183064687271764	1576065	0.04840095522114211	2896736	0.001217890533870343	0.03676562167840658	0.03676562167840658	5prime
GACCA	2680561	0.0957672903101362	3198792	0.09823490043478385	5879353	0.0024676101246476484	0.036702309127693095	0.036702309127693095	5prime
TACGG	332654	0.011884591393677684	396948	0.012190272846057693	729602	0.0003056814523800088	0.036635070793149	0.036635070793149	5prime
CGTCC	565568	0.02020581320332688	674851	0.020724673812274857	1240419	0.0005188606089479783	0.0365771922959252	0.0365771922959252	5prime
GCGCT	152428	0.005445731892463347	172896	0.005309636058103305	325324	-0.00013609583436004213	-0.036506190501020365	0.036506190501020365	5prime
GTTTA	3846123	0.13740884013066368	4362693	0.13397829945883585	8208816	-0.0034305406718278253	-0.036475207917684764	0.036475207917684764	5prime
ACGCA	177048	0.006325320414207696	211244	0.006487303115502815	388292	0.00016198270129511895	0.03647459280046948	0.03647459280046948	5prime
CCGAA	587634	0.020994156027080366	701124	0.021531517626790796	1288758	0.0005373615997104307	0.03646050256568721	0.03646050256568721	5prime
CGAGC	546542	0.019526079197855397	652083	0.020025468545693238	1198625	0.0004993893478378413	0.036431868333309726	0.036431868333309726	5prime
GCCTT	4694986	0.16773581622056916	5326015	0.1635619175110996	10021001	-0.004173898709469548	-0.0363536760218767	0.0363536760218767	5prime
CCCAG	18396635	0.6572489433273901	21947895	0.6740198425149526	40344530	0.01677089918756247	0.03635109161577942	0.03635109161577942	5prime
TGGGG	3810795	0.13614669133715498	4546128	0.13961158820072797	8356923	0.003464896863572986	0.03625650959733242	0.03625650959733242	5prime
AGCAG	2784088	0.0994659564714127	3321236	0.10199515560262117	6105324	0.0025291991312084705	0.03622553746734323	0.03622553746734323	5prime
AAGTT	1149417	0.04106474410632917	1371153	0.04210810782190751	2520570	0.0010433637155783451	0.036196869252590164	0.036196869252590164	5prime
ACTAA	3467661	0.12388768533308407	3934439	0.12082661937122842	7402100	-0.0030610659618556524	-0.03609416248196889	0.03609416248196889	5prime
TTAAC	742570	0.026529490194626363	842557	0.025874924973436905	1585127	-0.0006545652211894584	-0.03604089717219	0.03604089717219	5prime
GGGAG	5143007	0.18374207654146377	6134272	0.18838348950475128	11277279	0.004641412963287517	0.035990296557752655	0.035990296557752655	5prime
GCTGG	6944136	0.24809026478601606	8282371	0.2543516085287637	15226507	0.006261343742747644	0.035958950629597884	0.035958950629597884	5prime
AAACG	533213	0.019049879546907775	635968	0.019530576905190652	1169181	0.00048069735828287774	0.03595082558655702	0.03595082558655702	5prime
ACGCC	134810	0.004816300918617208	160782	0.004937615125242722	295592	0.00012131420662551354	0.03588149493821127	0.03588149493821127	5prime
AAGAA	4660508	0.16650403502427746	5557976	0.1706854396843928	10218484	0.004181404660115323	0.03578264260819457	0.03578264260819457	5prime
CTGGG	4474513	0.15985906885442205	5336027	0.163869386025199	9810540	0.004010317170776934	0.035745544402334635	0.035745544402334635	5prime
ATAGC	685155	0.024478248319079986	816962	0.02508890253852138	1502117	0.0006106542194413943	0.035547608551322635	0.035547608551322635	5prime
GTCAG	1208688	0.0431822945235635	1371928	0.042131908071450765	2580616	-0.0010503864521127365	-0.035525816964091184	0.035525816964091184	5prime
CGGGG	999807	0.03571968973028644	1192073	0.036608561127448765	2191880	0.0008888713971623233	0.03546054112500844	0.03546054112500844	5prime
GAACC	1322647	0.04725366041915507	1576995	0.04842951552059401	2899642	0.001175855101438944	0.03545973988842745	0.03545973988842745	5prime
CTCTA	2490555	0.08897902480800149	2827070	0.08681931803385914	5317625	-0.002159706774142345	-0.03544879336737815	0.03544879336737815	5prime
GCTGA	6632299	0.23694939371147533	7907454	0.24283790767972202	14539753	0.005888513968246689	0.03541453076787857	0.03541453076787857	5prime
TTTCG	292018	0.010432805887195013	331528	0.010181224684613134	623546	-0.0002515812025818791	-0.03521269242353467	0.03521269242353467	5prime
AAACC	1422591	0.05082431822651563	1695802	0.052078078420574804	3118393	0.001253760194059171	0.035156576055896054	0.035156576055896054	5prime
GCGGT	140656	0.005025158534300289	159693	0.004904171935884527	300349	-0.00012098659841576227	-0.03515247057790953	0.03515247057790953	5prime
GTTTG	2919283	0.10429601212523995	3314622	0.10179203966651915	6233905	-0.0025039724587208045	-0.03505891129174553	0.03505891129174553	5prime
AATTG	1497871	0.05351381554239355	1700777	0.05223086066764277	3198648	-0.0012829548747507816	-0.03500825792532644	0.03500825792532644	5prime
CCGGT	249878	0.008927287596930721	297803	0.00914552995448905	547681	0.00021824235755832887	0.034841012198471896	0.034841012198471896	5prime
CTTCG	676298	0.02416181795607878	768113	0.023588749777310663	1444411	-0.0005730681787681179	-0.0346286012273766	0.0346286012273766	5prime
TAGGA	3332645	0.11906402473796486	3971134	0.12195352279960214	7303779	0.002889498061637283	0.034593578001711235	0.034593578001711235	5prime
CTGAC	1968887	0.07034160868447058	2346021	0.07204630352736659	4314908	0.0017046948428960096	0.03454559760788505	0.03454559760788505	5prime
AGGGG	1654253	0.05910081035179343	1971062	0.06053131285834963	3625315	0.0014305025065562	0.034503153165551415	0.034503153165551415	5prime
TCGAT	155888	0.005569345876429043	177068	0.005437758175644527	332956	-0.0001315877007845162	-0.034489630363857396	0.034489630363857396	5prime
ATTAA	2009890	0.071806505847634	2283194	0.07011688639439385	4293084	-0.0016896194532401432	-0.03435214427758804	0.03435214427758804	5prime
CGTGT	1199682	0.04286054089940308	1429281	0.043893218667649635	2628963	0.0010326777682465524	0.03434721735139589	0.03434721735139589	5prime
CACGC	918646	0.03282008436825179	1043782	0.03205454460484444	1962428	-0.0007655397634073469	-0.034048985041324	0.034048985041324	5prime
ATGTT	1017695	0.0363587668820721	1156419	0.03551362680846154	2174114	-0.0008451400736105563	-0.03392962442509076	0.03392962442509076	5prime
GCTAA	5180309	0.18507474961368583	6169755	0.1894731724138393	11350064	0.0043984228001534564	0.03388533332741559	0.03388533332741559	5prime
CGGTT	319280	0.01140678404640681	380241	0.011677200885904007	699521	0.00027041683949719647	0.03379945698734281	0.03379945698734281	5prime
CCGAG	902493	0.03224299284137378	1074801	0.03300713807656332	1977294	0.0007641452351895353	0.03379135441090321	0.03379135441090321	5prime
TGCGA	558729	0.019961479088777347	665385	0.02043397295785367	1224114	0.00047249386907632224	0.03374943782665288	0.03374943782665288	5prime
GCATA	3473479	0.12409554260438824	4135728	0.12700820444259825	7609207	0.0029126618382100122	0.03347013208973437	0.03347013208973437	5prime
GCGTA	131841	0.0047102286878674526	156973	0.004820640737487566	288814	0.00011041204962011341	0.03342079551985644	0.03342079551985644	5prime
CTATC	1199979	0.042871151695136556	1364129	0.041892400786047126	2564108	-0.0009787509090894292	-0.033317823077756985	0.033317823077756985	5prime
GCGAA	206234	0.00736803652288481	245487	0.007538905625321616	451721	0.00017086910243680614	0.03307046178423243	0.03307046178423243	5prime
CTAAG	2667814	0.09531188353163599	3175465	0.09751852827853168	5843279	0.002206644746895692	0.0330199096158083	0.0330199096158083	5prime
CCAAG	9295462	0.3320951128964569	11063397	0.339756915349759	20358859	0.007661802453302113	0.03290632534347367	0.03290632534347367	5prime
GATGA	3360065	0.12004364769760054	3998854	0.12280480398326528	7358919	0.0027611562856647426	0.03280766511252852	0.03280766511252852	5prime
GCCTA	3955918	0.14133144052647686	4707537	0.14456845849560115	8663455	0.0032370179691242895	0.03267015262183326	0.03267015262183326	5prime
ACGGC	88554	0.0031637320046526834	105377	0.0032361276078957985	193931	7.239560324311502e-05	0.03263090310435901	0.03263090310435901	5prime
CGGAT	411733	0.014709814005823149	489921	0.01504547362126382	901654	0.00033565961544067095	0.03254832957430209	0.03254832957430209	5prime
CCATG	9751959	0.3484041917514824	11603544	0.356344829401422	21355503	0.007940637649939575	0.03251191707656915	0.03251191707656915	5prime
TTATG	1171048	0.04183754586562454	1393327	0.04278907134883921	2564375	0.0009515254832146713	0.032443374177299894	0.032443374177299894	5prime
GGGTC	1099078	0.03926630354596813	1307677	0.040158759899317255	2406755	0.0008924563533491275	0.03242211126054854	0.03242211126054854	5prime
AGGCT	1783759	0.06372761746377652	2122267	0.06517481831923658	3906026	0.0014472008554600596	0.03239542863483979	0.03239542863483979	5prime
AGTCC	1325282	0.047347799970527786	1507545	0.04629670606152455	2832827	-0.0010510939090032367	-0.03238714860531259	0.03238714860531259	5prime
CTTGT	2437222	0.08707361885226665	2772478	0.08514279774603309	5209700	-0.0019308211062335628	-0.03235081139285126	0.03235081139285126	5prime
CATCG	922083	0.032942876640763376	1048986	0.032214359441777446	1971069	-0.0007285171989859299	-0.03226164121233691	0.03226164121233691	5prime
GTGTT	1061222	0.03791383794567755	1207275	0.03707541453848943	2268497	-0.0008384234071881214	-0.03226082121484531	0.03226082121484531	5prime
ACATA	4568377	0.16321250902521864	5197173	0.15960517976703295	9765550	-0.0036073292581856875	-0.03224396060462048	0.03224396060462048	5prime
GGTTG	3950531	0.14113898141329098	4699569	0.14432376122029714	8650100	0.003184779807006155	0.03219211334949428	0.03219211334949428	5prime
GCGCG	150706	0.0053842107131601875	171459	0.005265505788950205	322165	-0.00011870492420998271	-0.03215671306267204	0.03215671306267204	5prime
GGATC	1802033	0.06438048507735719	2050246	0.06296305345168234	3852279	-0.001417431625674856	-0.032117435060622326	0.032117435060622326	5prime
CTGAG	4752923	0.1698057073734653	5653448	0.17361738474812613	10406371	0.0038116773746608434	0.032026278777327805	0.032026278777327805	5prime
CCGGA	471075	0.01682990101058973	560287	0.01720641343979344	1031362	0.0003765124292037132	0.03191784193757996	0.03191784193757996	5prime
AAAGA	6821986	0.2437262624330074	8113789	0.24917445540811795	14935775	0.0054481929751105385	0.0318943305763526	0.0318943305763526	5prime
GGGAA	4994046	0.17842020871906084	5939437	0.18240010676957777	10933483	0.0039798980505169335	0.03182736657083485	0.03182736657083485	5prime
GGACC	1466812	0.052404183540084144	1744368	0.05356954025195231	3211180	0.001165356711868168	0.03173032578898302	0.03173032578898302	5prime
GGTCA	4337211	0.15495373728608158	5157766	0.15839499082025757	9494977	0.0034412535341759865	0.03168895789118503	0.03168895789118503	5prime
ACACT	2240568	0.08004784301330999	2664361	0.08182252473975211	4904929	0.0017746817264421288	0.03163513514244654	0.03163513514244654	5prime
TATCG	437114	0.01561659045872296	519664	0.01595888113373471	956778	0.0003422906750117482	0.0312780205036996	0.0312780205036996	5prime
GGATG	4229055	0.15108969276301978	5027451	0.15439301724705906	9256506	0.0033033244840392773	0.031202056653574006	0.031202056653574006	5prime
GCTAG	2437564	0.08708583734432339	2897468	0.08898124057236992	5335032	0.00189540322804653	0.031062745468155833	0.031062745468155833	5prime
TTGTG	992193	0.035447667512391985	1129785	0.03469569668415835	2121978	-0.0007519708282336321	-0.03093308184881389	0.03093308184881389	5prime
CGCTT	679947	0.02429218426460214	808051	0.0248152457337731	1487998	0.0005230614691709608	0.030733271588396078	0.030733271588396078	5prime
GGTGT	3887415	0.13888406227688088	4619669	0.1418700322673864	8507084	0.002985969990505516	0.030688605637870903	0.030688605637870903	5prime
CGAGG	1607516	0.05743105695046257	1910242	0.05866353069419405	3517758	0.001232473743731477	0.030632262226294605	0.030632262226294605	5prime
AGTGT	2046700	0.07312160144005518	2331461	0.07159916593594756	4378161	-0.0015224355041076193	-0.030354466236485824	0.030354466236485824	5prime
TCCGT	376265	0.013442663490419879	446965	0.013726294886580047	823230	0.00028363139616016837	0.030121018697086284	0.030121018697086284	5prime
GCCAA	7007845	0.2503663697873081	8324556	0.2556471098539019	15332401	0.005280740066593792	0.030112810394445494	0.030112810394445494	5prime
GATTG	2017422	0.07207559848556164	2298505	0.07058708719537027	4315927	-0.0014885112901913689	-0.030106200094147554	0.030106200094147554	5prime
AGGTC	773875	0.027647910936836228	919036	0.028223595018363808	1692911	0.0005756840815275797	0.029730225330960036	0.029730225330960036	5prime
CTGGT	1913634	0.06836760768561027	2272484	0.0697879823007058	4186118	0.001420374615095532	0.029665248417805594	0.029665248417805594	5prime
TTCAA	1724811	0.06162160673348464	2048111	0.0628974876029406	3772922	0.0012758808694559587	0.029565615907851332	0.029565615907851332	5prime
ACACC	1378649	0.04925442063015129	1637009	0.05027254542522461	3015658	0.001018124795073315	0.02951693136547367	0.02951693136547367	5prime
CCCTG	11800604	0.42159528139928715	14011187	0.4302835445124715	25811791	0.00868826311318438	0.02942887868338201	0.02942887868338201	5prime
TTCTA	1165087	0.041624579692670916	1383312	0.04248151070474157	2548399	0.0008569310120706553	0.029398667733700954	0.029398667733700954	5prime
CCACA	12063825	0.4309992688193549	14322947	0.43985769392873497	26386772	0.008858425109380064	0.02935135845145535	0.02935135845145535	5prime
AGGAG	2681804	0.09581169845524296	3183585	0.09776789347374613	5865389	0.001956195018503179	0.029158649788745716	0.029158649788745716	5prime
GCCGT	642221	0.022944363120356515	732330	0.022489853868399464	1374551	-0.0004545092519570512	-0.02886420393405829	0.02886420393405829	5prime
GTATA	2097178	0.07492500799572582	2391684	0.07344861423045498	4488862	-0.0014763937652708392	-0.028711674228536516	0.028711674228536516	5prime
CACGT	934930	0.0334018560777597	1066304	0.032746195211571044	2001234	-0.0006556608661886579	-0.02860011866738443	0.02860011866738443	5prime
AACCC	1259166	0.04498570107923414	1436176	0.04410496411358605	2695342	-0.0008807369656480962	-0.028524822858287172	0.028524822858287172	5prime
GCTTA	3876347	0.1384886404345305	4421336	0.13577922595427444	8297683	-0.0027094144802560505	-0.02850466983750225	0.02850466983750225	5prime
AAAAT	6722025	0.24015499727370251	7975980	0.244942341099336	14698005	0.004787343825633478	0.02847623521103273	0.02847623521103273	5prime
GCCAT	5057485	0.1806866675424134	6000842	0.18428585428338862	11058327	0.00359918674097523	0.02845512157098774	0.02845512157098774	5prime
AGCTG	2807129	0.10028913271550333	3202476	0.09834803607261268	6009605	-0.0019410966428906468	-0.02819685222413949	0.02819685222413949	5prime
CTCAC	2416937	0.08634890507632904	2757603	0.0846859865047997	5174540	-0.001662918571529337	-0.02805429814045291	0.02805429814045291	5prime
AGGAC	1046683	0.037394409126926896	1241550	0.03812799976828937	2288233	0.0007335906413624763	0.028027518044657983	0.028027518044657983	5prime
CCTCT	9067091	0.3239361969622863	10345753	0.31771806853270435	19412844	-0.0062181284295819705	-0.027962460173302003	0.027962460173302003	5prime
TCGCC	82340	0.002941727005703886	93961	0.0028855422546238472	176301	-5.6184751080038797e-05	-0.027811366507682195	0.027811366507682195	5prime
CTGGC	1848310	0.06603380424960589	2192089	0.0673190518980868	4040399	0.0012852476484809111	0.02780967827748562	0.02780967827748562	5prime
AGATA	3038060	0.1085395087071745	3467065	0.10647356410667648	6505125	-0.0020659446004980264	-0.027724751735176655	0.027724751735176655	5prime
TTTAA	3865081	0.1380861447283578	4583607	0.14076256826863964	8448688	0.0026764235402818304	0.027694973441461983	0.027694973441461983	5prime
GCGAG	220832	0.007889573210148174	261840	0.008041106245683934	482672	0.00015153303553576067	0.0274432874350982	0.0274432874350982	5prime
GCGAT	198783	0.0071018377383390285	226917	0.006968620936265892	425700	-0.00013321680207313644	-0.02731533493949674	0.02731533493949674	5prime
ATAGT	1059770	0.03786196294431391	1256453	0.03858567088950625	2316223	0.0007237079451923381	0.02731526630680472	0.02731526630680472	5prime
CAAAT	7235029	0.2584828782651297	8577575	0.2634173231947845	15812604	0.00493444492965478	0.02728140002124478	0.02728140002124478	5prime
AACCT	1697524	0.06064673540964882	1937975	0.05951521110784953	3635499	-0.0011315243017992888	-0.02717109080797542	0.02717109080797542	5prime
GTGAG	1608336	0.05746035275013074	1906625	0.05855245262632574	3514961	0.0010920998761949977	0.027162285219140186	0.027162285219140186	5prime
ATGAG	1054037	0.03765714243273144	1249516	0.03837263562359459	2303553	0.0007154931908631493	0.027153618572413576	0.027153618572413576	5prime
GTAAG	1181385	0.04220685157436829	1400396	0.043006160334673076	2581781	0.000799308760304783	0.02706548012832352	0.02706548012832352	5prime
AGGGA	2643078	0.09442815072603614	3132730	0.09620613645371766	5775808	0.001777985727681522	0.026911619072358096	0.026911619072358096	5prime
ACCAT	3728816	0.13321786162862206	4257888	0.13075973797060295	7986704	-0.002458123658019118	-0.02686893473587988	0.02686893473587988	5prime
GAATG	6747011	0.24104766172554265	7995538	0.24554296726780944	14742549	0.004495305542266792	0.026656957535363308	0.026656957535363308	5prime
GGGCC	1612561	0.05761129757159175	1910951	0.0586853040837762	3523512	0.00107400651218445	0.02664706018976818	0.02664706018976818	5prime
AGGAT	1473910	0.05265777084013863	1746601	0.053638115680636284	3220511	0.0009803448404976517	0.026611606076878548	0.026611606076878548	5prime
CAAAC	3892693	0.139072627192306	4612474	0.14164907382162678	8505167	0.002576446629320772	0.026482488888353476	0.026482488888353476	5prime
GGGTT	1783917	0.06373326226420038	2113750	0.06491326125425609	3897667	0.0011799989900557056	0.026466319048748396	0.026466319048748396	5prime
CGGAC	297113	0.010614832837572245	352047	0.01081136316252021	649160	0.00019653032494796469	0.026464316049155286	0.026464316049155286	5prime
ATTGA	1375082	0.04912698390159474	1570653	0.04823475270433169	2945735	-0.0008922311972630534	-0.02644215603319534	0.02644215603319534	5prime
AACTA	1993186	0.07120972897244239	2276713	0.06991785488821343	4269899	-0.0012918740842289556	-0.026413064408352074	0.026413064408352074	5prime
ATAAG	1307190	0.04670143459541004	1548818	0.047564199867200195	2856008	0.0008627652717901543	0.026408680816155876	0.026408680816155876	5prime
CTCGG	696723	0.02489153345391096	825502	0.025351165933488306	1522225	0.0004596324795773446	0.026395938480497802	0.026395938480497802	5prime
CCTGG	13233461	0.4727863687470143	15677214	0.4814472327005943	28910675	0.008660863953580011	0.026189189708675568	0.026189189708675568	5prime
GCCAC	4558282	0.16285184915003548	5400010	0.16583430391749046	9958292	0.002982454767454984	0.026182208008623743	0.026182208008623743	5prime
CTATT	2817935	0.1006751941925939	3219502	0.09887090452257835	6037437	-0.0018042896700155436	-0.02609005765690902	0.02609005765690902	5prime
CATAC	2240169	0.08003358810591048	2559806	0.07861164075137186	4799975	-0.0014219473545386135	-0.02586230276977747	0.02586230276977747	5prime
AAAAC	2908301	0.10390366276919623	3444088	0.10576794045021803	6352389	0.001864277681021806	0.025655638125618874	0.025655638125618874	5prime
CTTGC	2077880	0.0742355563591449	2374727	0.07292786477044864	4452607	-0.0013076915886962581	-0.02563985224645038	0.02563985224645038	5prime
AATAA	3912010	0.1397627576340012	4470933	0.13730234979504433	8382943	-0.002460407838956874	-0.025623478226073814	0.025623478226073814	5prime
GCGGA	232362	0.008301500734750625	265572	0.00815571596348447	497934	-0.0001457847712661546	-0.025557530564023215	0.025557530564023215	5prime
GACTG	2413124	0.08621267960787204	2857081	0.0877409558261721	5270205	0.0015282762183000537	0.02535006404747156	0.02535006404747156	5prime
AATGG	3131858	0.11189059092336365	3707318	0.11385173359508276	6839176	0.00196114267171911	0.025067314489095563	0.025067314489095563	5prime
AGTAG	2174732	0.07769574756580548	2574257	0.07905543095285512	4748989	0.0013596833870496428	0.02502861756176273	0.02502861756176273	5prime
AGAGT	2336312	0.08346844916383359	2765410	0.08492573947019862	5101722	0.0014572903063650305	0.024970612477038336	0.024970612477038336	5prime
CTGGA	3513025	0.12550838613326323	4158211	0.12769865735934785	7671236	0.002190271226084617	0.024959394872606056	0.024959394872606056	5prime
GCCTC	5337040	0.19067421300123716	6102471	0.1874068808134933	11439511	-0.00326733218774386	-0.024935689376029704	0.024935689376029704	5prime
CTTCA	4705039	0.16809497557918393	5380372	0.16523122094906417	10085411	-0.002863754630119758	-0.024790139585470612	0.024790139585470612	5prime
CTACA	3069239	0.10965342789967926	3632326	0.1115487293192795	6701565	0.0018953014196002455	0.02472294289580728	0.02472294289580728	5prime
CCACT	6785983	0.24243999819464992	8030895	0.24662878071697175	14816878	0.004188782522321827	0.024713329051684114	0.024713329051684114	5prime
CTTTG	5775754	0.20634796599589803	6605213	0.20284608733720103	12380967	-0.0035018786586969997	-0.024693621925492747	0.024693621925492747	5prime
CGACG	170121	0.006077842360181574	201324	0.006182659921349192	371445	0.00010481756116761855	0.024664371976638826	0.024664371976638826	5prime
CTAAA	5354869	0.1913111822845101	6336517	0.19459443333555768	11691386	0.00328325105104757	0.024549110253895924	0.024549110253895924	5prime
AAATC	1768105	0.06316835350279414	2022365	0.06210682795811408	3790470	-0.0010615255446800587	-0.024449692674441092	0.024449692674441092	5prime
GCTAT	3089947	0.11039325402105545	3534493	0.10854427794693762	6624440	-0.0018489760741178252	-0.024368116690297516	0.024368116690297516	5prime
CATTA	5435272	0.1941837068951442	6218210	0.1909612254352822	11653482	-0.003222481459861981	-0.024142300619775518	0.024142300619775518	5prime
CGTAC	366765	0.013103260933288629	433875	0.013324300994294673	800640	0.00022104006100604444	0.024132131749195176	0.024132131749195176	5prime
ATGTG	1053299	0.03763077621303009	1246006	0.038264843525663214	2299305	0.0006340673126331228	0.024105816575199862	0.024105816575199862	5prime
ACCCC	1882320	0.06724886540413577	2153592	0.06613680905077511	4035912	-0.0011120563533606603	-0.02405612610190553	0.02405612610190553	5prime
CGGGA	1438905	0.05140716173357238	1702059	0.05227023088688722	3140964	0.0008630691533148341	0.02401970764363935	0.02401970764363935	5prime
ATACT	853485	0.030492104365596077	976569	0.02999043341445659	1830054	-0.0005016709511394858	-0.023932555899540662	0.023932555899540662	5prime
TTTAG	1533317	0.05478018007292768	1813603	0.055695747061148486	3346920	0.0009155669882208034	0.02391272588800538	0.02391272588800538	5prime
GACAC	1989335	0.07107214589375688	2276369	0.06990729064841618	4265704	-0.0011648552453406985	-0.023840998801064838	0.023840998801064838	5prime
CTAAT	3153811	0.1126748966430165	3730111	0.11455170661164966	6883922	0.0018768099686331668	0.023832615884390073	0.023832615884390073	5prime
ACGCG	48185	0.0017214854963546484	56979	0.0017498250564192822	105164	2.833956006463383e-05	0.023543100721716247	0.023543100721716247	5prime
CTCTG	3533222	0.12622995596972428	4044088	0.1241939400966065	7577310	-0.0020360158731177747	-0.023459352822477523	0.023459352822477523	5prime
CAAAA	13709018	0.4897763963114	16209753	0.4978015050767411	29918771	0.008025108765341071	0.023447296666618517	0.023447296666618517	5prime
AGTAA	2735927	0.0977453284130971	3131569	0.0961704821444019	5867496	-0.0015748462686952097	-0.023433359185483428	0.023433359185483428	5prime
GTGGA	1399380	0.049995068462981594	1654607	0.05081297999485319	3053987	0.0008179115318715929	0.023410817114637987	0.023410817114637987	5prime
GGCAA	5516979	0.19710281897256762	6522739	0.20031331084580725	12039718	0.0032104918732396293	0.02330976428681397	0.02330976428681397	5prime
CTGAA	5515860	0.1970628409239961	6521261	0.20026792146667832	12037121	0.0032050805426822315	0.023275473542806926	0.023275473542806926	5prime
TTATC	703474	0.025132723628983916	831657	0.025540185979860845	1535131	0.000407462350876929	0.023201090505019614	0.023201090505019614	5prime
TTTTT	3735076	0.1334415100504791	4275913	0.13131328570997988	8010989	-0.002128224340499224	-0.023194455331151578	0.023194455331151578	5prime
AAATT	3827182	0.1367321428849139	4381458	0.13455457259777664	8208640	-0.002177570287137248	-0.023160840441037927	0.023160840441037927	5prime
ACCGA	464786	0.01660521651776884	532127	0.01634161985638961	996913	-0.0002635966613792305	-0.023084135984163683	0.023084135984163683	5prime
GTGCC	636349	0.022734576613464445	728549	0.022373739360627806	1364898	-0.0003608372528366398	-0.023080717006759593	0.023080717006759593	5prime
CGACA	766461	0.027383034035934006	906044	0.02782461070602068	1672505	0.00044157667008667273	0.02307836103801615	0.02307836103801615	5prime
GTGCT	887091	0.03169273197980163	1015640	0.031190303801429998	1902731	-0.0005024281783716326	-0.02305369016151822	0.02305369016151822	5prime
AGAAG	3666495	0.13099134512725613	4334052	0.1330987343657155	8000547	0.0021073892384593784	0.02302518533763414	0.02302518533763414	5prime
CGTGA	2153326	0.07693098428812638	2545269	0.07816520948993928	4698595	0.0012342252018129052	0.02296155901990205	0.02296155901990205	5prime
GAGCT	1298056	0.04637510796837459	1534285	0.04711789144576525	2832341	0.0007427834773906655	0.022923848174311742	0.022923848174311742	5prime
TTATT	2192108	0.07831653270609101	2590850	0.079565001973076	4782958	0.0012484692669849917	0.02281679298457786	0.02281679298457786	5prime
TTTTA	5228541	0.18679791425953365	6179387	0.18976897112816266	11407928	0.0029710568686290018	0.022765651227490264	0.022765651227490264	5prime
CTTAT	3068209	0.10961662951716925	3513674	0.10790492646920735	6581883	-0.0017117030479618933	-0.022705738335280407	0.022705738335280407	5prime
CCGTC	319862	0.011427576918854218	378012	0.011608748297217673	697874	0.00018117137836345422	0.022690923474108563	0.022690923474108563	5prime
GTTAA	2550940	0.09113637464088258	2921572	0.08972147439816416	5472512	-0.0014149002427184115	-0.02257340387400104	0.02257340387400104	5prime
GCGTT	130395	0.00465856804601358	149361	0.004586876221973717	279756	-7.169182403986285e-05	-0.02236975065330004	0.02236975065330004	5prime
AGAGC	1898669	0.06783295934166617	2242980	0.06888191447809407	4141649	0.001048955136427901	0.022138482646133828	0.022138482646133828	5prime
ATATG	1478680	0.05282818665040348	1694129	0.05202670059156079	3172809	-0.0008014860588426917	-0.022055250971940228	0.022055250971940228	5prime
AATGC	1336797	0.04775919159635582	1531847	0.0470430204672021	2868644	-0.0007161711291537171	-0.021797263402702226	0.021797263402702226	5prime
GTGAA	2184261	0.07803618619390061	2579591	0.07921923808971153	4763852	0.001183051895810916	0.021707277873428594	0.021707277873428594	5prime
GACCT	2137653	0.07637104152202975	2524219	0.07751876400234516	4661872	0.0011477224803154024	0.02151958937212198	0.02151958937212198	5prime
GGAAC	2358125	0.08424775316159189	2784473	0.0855111641889638	5142598	0.0012634110273719162	0.02147432407216841	0.02147432407216841	5prime
AACCG	250268	0.008941220965065583	295499	0.009074774115846916	545767	0.0001335531507813334	0.02138750689864921	0.02138750689864921	5prime
GTGTC	608030	0.021722835453948673	697028	0.021405729469204788	1305058	-0.0003171059847438852	-0.02121444390620076	0.02121444390620076	5prime
ATGAC	591388	0.02112827362702465	698163	0.02144058531853587	1289551	0.00031231169151121896	0.02116840596407331	0.02116840596407331	5prime
ACGTT	159841	0.005710573066780604	188679	0.005794331978801554	348520	8.37589120209507e-05	0.02100316301620719	0.02100316301620719	5prime
CTACT	2100405	0.07504029768539557	2479306	0.07613948579881474	4579711	0.0010991881134191778	0.020978998228556443	0.020978998228556443	5prime
GGAAA	9329194	0.3333002420603675	11012104	0.3381817073499887	20341298	0.00488146528962119	0.020976197081016307	0.020976197081016307	5prime
CTGAT	2655562	0.09487416141269156	3134565	0.0962624893026362	5790127	0.0013883278899446405	0.02095828320500344	0.02095828320500344	5prime
GTGAC	745651	0.026639563802891772	880066	0.02702682634133088	1625717	0.0003872625384391086	0.020820875730495493	0.020820875730495493	5prime
TTCAC	752413	0.026881146970399297	887881	0.027266824986725086	1640294	0.00038567801632578835	0.02055126347987922	0.02055126347987922	5prime
GAACG	687037	0.024545485751976938	788068	0.02420156781555013	1475105	-0.00034391793642680676	-0.020356371946200442	0.020356371946200442	5prime
AAATG	4164764	0.1487927948892803	4913456	0.15089223086424228	9078220	0.002099435974961983	0.020213724044214735	0.020213724044214735	5prime
TTAAA	3417181	0.12208420732424351	4031347	0.12380266399411545	7448528	0.0017184566698719428	0.020165607879911476	0.020165607879911476	5prime
AGCAC	1626127	0.05809596442317516	1865526	0.05729030236054754	3491653	-0.000805662062627624	-0.020146650668322552	0.020146650668322552	5prime
GTATG	1216851	0.04347393063660165	1396065	0.04287315532722557	2612916	-0.0006007753093760781	-0.020075477015858056	0.020075477015858056	5prime
CAACT	2860326	0.10218967985568343	3374028	0.10361639789150806	6234354	0.0014267180358246284	0.020002635759798316	0.020002635759798316	5prime
GACCG	317258	0.011334544891615297	374221	0.011492326689451908	691479	0.0001577817978366102	0.019942697661188082	0.019942697661188082	5prime
AGAAC	1671145	0.05970430382495775	1917593	0.05888927989986172	3588738	-0.0008150239250960256	-0.019829566151228727	0.019829566151228727	5prime
GGCAT	4428616	0.1582193257844586	5223123	0.16040210425173926	9651739	0.002182778467280655	0.019767114645739905	0.019767114645739905	5prime
CCTAC	3997780	0.14282702682612197	4587665	0.14088718944624803	8585445	-0.0019398373798739377	-0.019728427338778384	0.019728427338778384	5prime
GGTGC	3218717	0.1149937663665071	3795992	0.11657491208282253	7014709	0.0015811457163154297	0.019701514448567256	0.019701514448567256	5prime
TTAAG	1334682	0.04768362986916291	1573980	0.04833692487237091	2908662	0.0006532950032079946	0.019631221157631214	0.019631221157631214	5prime
CATAT	4600154	0.16434779271553018	5279571	0.1621356222984715	9879725	-0.0022121704170586787	-0.01955086497295833	0.01955086497295833	5prime
CGACT	412993	0.014754829502874241	486977	0.014955063382998873	899970	0.0002002338801246322	0.019445465851866666	0.019445465851866666	5prime
TTACT	878009	0.031368263135184156	1035272	0.031793202509859834	1913281	0.00042493937467567855	0.019412081704944836	0.019412081704944836	5prime
GTAAT	1712812	0.061192923440535396	2019595	0.06202176125974659	3732407	0.0008288378192111909	0.01940935596761034	0.01940935596761034	5prime
CAATG	5123106	0.18303108177415126	6040409	0.18550095683006967	11163515	0.002469875055918419	0.019337860124518505	0.019337860124518505	5prime
CTCAA	3964929	0.1416533727835621	4551264	0.13976931475770105	8516193	-0.0018840580258610573	-0.019317152333067043	0.019317152333067043	5prime
CCTGA	15126313	0.5404115065439612	17833676	0.5476721794496779	32959989	0.007260672905716747	0.01925416795306707	0.01925416795306707	5prime
AAACA	5107346	0.182468030795163	6021439	0.18491838814124972	11128785	0.002450357346086729	0.019244867992671156	0.019244867992671156	5prime
CGCGC	249665	0.00891967783433399	294325	0.009038720576538817	543990	0.00011904274220482687	0.01912484176848485	0.01912484176848485	5prime
GAGCC	1226378	0.04381429781152685	1408287	0.0432484929400225	2634665	-0.0005658048715043509	-0.018751446290740707	0.018751446290740707	5prime
TCTGG	2877691	0.1028100720035344	3391309	0.10414709739132347	6269000	0.0013370253877890703	0.018640843388563012	0.018640843388563012	5prime
AGTGA	3924832	0.14022084390637352	4625179	0.14203924436413906	8550011	0.0018184004577655455	0.018588636059754953	0.018588636059754953	5prime
ACGCT	114502	0.004090765431225484	131501	0.004038395632499554	246003	-5.236979872593004e-05	-0.018583986480253348	0.018583986480253348	5prime
CGCAA	745628	0.026638742091437663	878557	0.02698048495222021	1624185	0.00034174286078254845	0.018389635346630795	0.018389635346630795	5prime
CCAAC	4849194	0.17324514143426342	5713197	0.17545227650291292	10562391	0.0022071350686495017	0.01826366882004842	0.01826366882004842	5prime
CGTTT	1276351	0.045599662441792095	1466183	0.04502647906590134	2742534	-0.000573183375890754	-0.01824907420959851	0.01824907420959851	5prime
AGCCC	1274228	0.0455238149019195	1463835	0.04495437198728514	2738063	-0.0005694429146343577	-0.018159629067910993	0.018159629067910993	5prime
GCGCA	219260	0.007833411018589191	251887	0.00773544962154976	471147	-9.796139703943142e-05	-0.01815317594180387	0.01815317594180387	5prime
CAACA	5550352	0.19829512229247725	6538428	0.2007951200265609	12088780	0.0024999977340836588	0.01807492668778179	0.01807492668778179	5prime
CTCCG	478302	0.017088097040104205	549521	0.016875789586138407	1027823	-0.00021230745396579737	-0.018035678175318128	0.018035678175318128	5prime
GGCTT	3563504	0.12731182841551883	4094166	0.12573183544709293	7657670	-0.0015799929684258973	-0.01801633435272889	0.01801633435272889	5prime
CTCAT	2728811	0.09749109803451332	3135500	0.09629120315208514	5864311	-0.001199894882428179	-0.017866302992161066	0.017866302992161066	5prime
TTTGT	1959100	0.06999195259745547	2251100	0.06913127967330852	4210200	-0.0008606729241469463	-0.017850168220639662	0.017850168220639662	5prime
CACCC	2495366	0.08915090540824973	2867502	0.08806098473003045	5362868	-0.0010899206782192805	-0.017746272405480327	0.017746272405480327	5prime
CCCAA	18398959	0.65733197191084	21666524	0.6653789392707793	40065483	0.008046967359939261	0.01755401801012897	0.01755401801012897	5prime
AAACT	2609064	0.09321294666516643	3072386	0.09435297224928155	5681450	0.0011400255841151202	0.017537428780130683	0.017537428780130683	5prime
CACCA	5449803	0.19470284990121514	6416891	0.19706271882818904	11866694	0.0023598689269739015	0.017380777012915054	0.017380777012915054	5prime
CCTCA	12427359	0.443987097156634	14284948	0.4386907446611298	26712307	-0.005296352495504197	-0.017313442137831824	0.017313442137831824	5prime
AGACC	1308486	0.046747736249519736	1540540	0.04730998249207886	2849026	0.000562246242559121	0.017247755745744792	0.017247755745744792	5prime
CTTAC	1882352	0.06725000865485453	2163840	0.06645152512473543	4046192	-0.000798483530119104	-0.01723188448306133	0.01723188448306133	5prime
GCTTG	4412036	0.15762697900580216	5072123	0.15576489434073149	9484159	-0.001862084665070679	-0.01714425299606455	0.01714425299606455	5prime
CAACG	758704	0.027105902916390104	893154	0.02742875881361743	1651858	0.0003228558972273275	0.017081648508961846	0.017081648508961846	5prime
GCCGC	757741	0.027071498215072487	871147	0.026752923856587313	1628888	-0.0003185743584851741	-0.017077524238414195	0.017077524238414195	5prime
TTAAT	1766321	0.06310461727522339	2030678	0.06236212018321479	3796999	-0.0007424970920085969	-0.01707531930235179	0.01707531930235179	5prime
CTGTG	3373433	0.12052124068536163	3970813	0.12194366488979132	7344246	0.001422424204429687	0.016927241125768468	0.016927241125768468	5prime
CCCTC	7576247	0.27067343213241496	8712332	0.26755571058536515	16288579	-0.003117721547049812	-0.01671390362143787	0.01671390362143787	5prime
GGAAT	5017828	0.17926985836260773	5905513	0.181358300749571	10923341	0.002088442386963263	0.016709745878482955	0.016709745878482955	5prime
GTGTG	1451443	0.05185510165581571	1708142	0.05245703981330219	3159585	0.0006019381574864854	0.016650145828359376	0.016650145828359376	5prime
ACATG	3753129	0.13408648208878335	4416402	0.1356277028171823	8169531	0.001541220728398962	0.016487966445562916	0.016487966445562916	5prime
GACAA	3544729	0.1266410617828726	4170907	0.1280885515118654	7715636	0.0014474897289928068	0.01639614890322416	0.01639614890322416	5prime
ACAAA	7348548	0.26253852446333836	8646631	0.2655380329140862	15995179	0.002999508450747812	0.01638931346600695	0.01638931346600695	5prime
GTGCA	1401938	0.050086457067312296	1649578	0.05065853940781703	3051516	0.000572082340504737	0.016384592206491477	0.016384592206491477	5prime
ATGCG	130291	0.004654852481177617	153302	0.004707904329651079	283593	5.305184847346177e-05	0.016346064085670985	0.016346064085670985	5prime
CATAA	5872176	0.2097927947710253	6754810	0.20744021111903563	12626986	-0.002352583651989676	-0.016269472549827618	0.016269472549827618	5prime
CCTAG	6147150	0.21961667674414187	7231937	0.22209278100783963	13379087	0.002476104263697765	0.016174815926368512	0.016174815926368512	5prime
CGAAC	631967	0.022578022718164534	743443	0.02283113409184999	1375410	0.0002531113736854544	0.016082669142228088	0.016082669142228088	5prime
CACTG	5725438	0.2045503471469911	6735320	0.20684167323052213	12460758	0.0022913260835310256	0.0160708167679086	0.0160708167679086	5prime
AACAC	1840489	0.06575438662862448	2117433	0.0650263661820855	3957922	-0.0007280204465389822	-0.016062092506089084	0.016062092506089084	5prime
CAATC	2192301	0.07832342793698853	2522187	0.07745636128354272	4714488	-0.000867066653445811	-0.016059973184448618	0.016059973184448618	5prime
ACGAC	85892	0.0030686278354860115	101038	0.0031028769204529995	186930	3.424908496698796e-05	0.016007598249736542	0.016007598249736542	5prime
CATGA	6133252	0.21912014866635135	7212841	0.22150634285909393	13346093	0.00238619419274258	0.01562579019923812	0.01562579019923812	5prime
CTGTA	3969590	0.14181989439606618	4668028	0.1433551371288859	8637618	0.0015352427328197138	0.015533568484454474	0.015533568484454474	5prime
GATAA	2858329	0.10211833386551594	3289707	0.10102690003120286	6148036	-0.0010914338343130797	-0.01550226700768944	0.01550226700768944	5prime
AGGTT	1174719	0.04196869815901704	1381356	0.04242144194589435	2556075	0.0004527437868773118	0.01547958095751306	0.01547958095751306	5prime
GATCA	2767455	0.09887171618375333	3185371	0.09782274153269355	5952826	-0.0010489746510597836	-0.01538782031685955	0.01538782031685955	5prime
CTTGA	4643401	0.1658928603353465	5344654	0.16413432119011465	9988055	-0.0017585391452318577	-0.015374759913118928	0.015374759913118928	5prime
CACAA	6510638	0.2326028616585127	7655010	0.23508535258850052	14165648	0.002482490929987813	0.015315740551564764	0.015315740551564764	5prime
TCGTT	148544	0.005306969836474108	174652	0.005363562817068402	323196	5.6592980594294406e-05	0.015300431560266588	0.015300431560266588	5prime
AGACG	474857	0.016965018954912925	558257	0.017144072140989827	1033114	0.00017905318607690235	0.015145895827981487	0.015145895827981487	5prime
CTGCG	502970	0.01796940043792669	591285	0.01815836200152469	1094255	0.0001889615635979995	0.015090959808509894	0.015090959808509894	5prime
CCGCC	550478	0.019666699036262614	633744	0.01946227786650137	1184222	-0.00020442116976124303	-0.015073484694825575	0.015073484694825575	5prime
GCTGT	4252973	0.15194420122212138	4896330	0.15036629141433555	9149303	-0.0015779098077858267	-0.015060332488357482	0.015060332488357482	5prime
GTGGC	855346	0.030558591540208842	1005411	0.03087617121745849	1860757	0.0003175796772496471	0.014915327105254771	0.014915327105254771	5prime
TCAGC	1893346	0.06764278672991779	2225364	0.0683409271284761	4118710	0.0006981403985583112	0.014813505204670962	0.014813505204670962	5prime
TCGCT	129254	0.0046178040125728695	151920	0.004665463110465564	281174	4.7659097892694194e-05	0.014810160460379775	0.014810160460379775	5prime
ATGTC	489264	0.017479731864448702	563384	0.017301522307968217	1052648	-0.0001782095564804853	-0.014783222509150307	0.014783222509150307	5prime
CCTAT	5906577	0.211021825020275	6801791	0.20888299760134726	12708368	-0.0021388274189277356	-0.014697081496376255	0.014697081496376255	5prime
TTTAT	2787895	0.09960196758035991	3276189	0.10061176225916973	6064084	0.0010097946788098222	0.014552684040631177	0.014552684040631177	5prime
CATAG	3642788	0.13014437497758136	4280608	0.13145746915721285	7923396	0.001313094179631491	0.014483046891294801	0.014483046891294801	5prime
CCGAC	242496	0.008663553946747261	284949	0.008750783622064587	527445	8.72296753173258e-05	0.01445158855010327	0.01445158855010327	5prime
TTCCG	190401	0.0068023775031943855	223724	0.006870563908147695	414125	6.81864049533092e-05	0.014387338211478	0.014387338211478	5prime
AACCA	2385711	0.0852333067343311	2802541	0.08606603245831539	5188252	0.0008327257239842817	0.014026495547581947	0.014026495547581947	5prime
CAACC	1810896	0.06469712979986816	2127200	0.0653263107463293	3938096	0.0006291809464611386	0.013962241732045256	0.013962241732045256	5prime
TTGTA	1835924	0.06559129476827667	2156542	0.06622740354903653	3992466	0.0006361087807598559	0.013923733048997827	0.013923733048997827	5prime
GCTGC	3463877	0.12375249593559097	3991078	0.12256600302784808	7454955	-0.001186492907742892	-0.013898645709208533	0.013898645709208533	5prime
CTACG	370939	0.013252383698916613	435687	0.013379947513226766	806626	0.00012756381431015297	0.013819539003539062	0.013819539003539062	5prime
CCCAC	8942334	0.3194790554022839	10501255	0.3224935348610588	19443589	0.0030144794587749213	0.01354884319703225	0.01354884319703225	5prime
CTTGG	2976575	0.10634285963083612	3495005	0.10733160149020997	6471580	0.0009887418593738512	0.01335161721458458	0.01335161721458458	5prime
ACTCG	763200	0.027266529642375588	879718	0.027016139261535975	1642918	-0.00025039038083961296	-0.013309080810077652	0.013309080810077652	5prime
AGTCA	2638359	0.09425955697160432	3041201	0.0933952809176605	5679560	-0.0008642760539438188	-0.013289103742034108	0.013289103742034108	5prime
CCCCA	11486774	0.4103832072409188	13486364	0.4141662304917773	24973138	0.003783023250858497	0.013238196984852306	0.013238196984852306	5prime
GCTCG	592572	0.021170573903618692	683078	0.020977324977426253	1275650	-0.00019324892619243875	-0.013229033919047001	0.013229033919047001	5prime
CTAAC	1389914	0.04965688060973902	1631670	0.050108584738371154	3021584	0.0004517041286321369	0.013063893263253133	0.013063893263253133	5prime
CGTAA	906426	0.03238350550002612	1064082	0.032677957592880585	1970508	0.0002944520928544678	0.013058249719528165	0.013058249719528165	5prime
CCTTA	7846103	0.28031446544370026	9045689	0.2777931038589003	16891792	-0.0025213615847999304	-0.013035363670136574	0.013035363670136574	5prime
GCGTG	329126	0.011758548001934627	386363	0.011865207502295989	715489	0.00010665950036136199	0.013026307464790174	0.013026307464790174	5prime
TTCCA	2497304	0.08922014352990451	2931586	0.09002900433226238	5428890	0.0008088608023578692	0.013020250110663422	0.013020250110663422	5prime
GATAG	1607711	0.057438023634529996	1853607	0.05692426987757203	3461318	-0.0005137537569579673	-0.012961999948221037	0.012961999948221037	5prime
AAAAA	11860139	0.4237222636349512	13920200	0.42748933379609494	25780339	0.0037670701611437485	0.012769459833075274	0.012769459833075274	5prime
GTACC	414823	0.014820209153353208	478333	0.014689606148093236	893156	-0.00013060300525997125	-0.012769227250065136	0.012769227250065136	5prime
TCAGA	3897347	0.13923889871871536	4574179	0.14047303439419606	8471526	0.0012341356754806965	0.012730813603930406	0.012730813603930406	5prime
GTACA	1471353	0.05256641796239288	1696802	0.05210878841998545	3168155	-0.0004576295424074256	-0.012614476455252658	0.012614476455252658	5prime
GTACG	178383	0.006373015405130875	205719	0.006317630368758988	384102	-5.538503637188708e-05	-0.012590633329027831	0.012590633329027831	5prime
AGTCG	242352	0.008658409318512852	279492	0.008583199155280684	521844	-7.521016323216827e-05	-0.012585070897738092	0.012585070897738092	5prime
CCACC	5498454	0.19644098398616172	6452643	0.19816066272711855	11951097	0.001719678740956826	0.012574580689328443	0.012574580689328443	5prime
AGAAA	7579663	0.2707954741466424	8743500	0.2685128798469962	16323163	-0.0022825942996462234	-0.012212289698641358	0.012212289698641358	5prime
GTACT	686000	0.024508437283372188	791336	0.02430192809362413	1477336	-0.0002065091897480581	-0.012207216723640986	0.012207216723640986	5prime
CTTTA	6643162	0.23733749160390868	7663977	0.2353607291532158	14307139	-0.0019767624506928927	-0.012066345154668727	0.012066345154668727	5prime
CACGA	866805	0.03096798247727905	1016849	0.031227432190717472	1883654	0.0002594497134384213	0.012036158994718897	0.012036158994718897	5prime
GACGA	360129	0.012866179315486212	422395	0.01297175020106044	782524	0.00010557088557422781	0.011788533743466688	0.011788533743466688	5prime
GTAAC	696520	0.024884280957163843	816861	0.025085800828580907	1513381	0.0002015198714170642	0.011635828836617406	0.011635828836617406	5prime
GAATA	4585676	0.16383054321846216	5377908	0.16515555151051634	9963584	0.001325008292054175	0.011621048048370448	0.011621048048370448	5prime
AACGA	420676	0.015029316855131019	493341	0.015150501819248234	914017	0.00012118496411721476	0.011585377818565102	0.011585377818565102	5prime
CCAAA	16238557	0.5801481863075283	19041640	0.5847687531777613	35280197	0.004620566870233045	0.011444751462523004	0.011444751462523004	5prime
GTAAA	2398172	0.08567849570953243	2812133	0.08636060277266232	5210305	0.0006821070631298914	0.011440029649453122	0.011440029649453122	5prime
GACAT	2561373	0.09150911010178261	2956254	0.09078655859772423	5517627	-0.0007225515040583802	-0.011436536056480418	0.011436536056480418	5prime
CCCAT	9378705	0.33506910100838067	10996790	0.33771141441901403	20375495	0.002642313410633368	0.011332256611310067	0.011332256611310067	5prime
AGGAA	3664152	0.13090763773869207	4296114	0.13193365840807436	7960266	0.0010260206693822882	0.011263307619234556	0.011263307619234556	5prime
CATGC	3169205	0.11322487169190897	3715627	0.11410690298018585	6884832	0.0008820312882768799	0.011195068155980445	0.011195068155980445	5prime
AGTTG	1966070	0.07024096689463492	2269570	0.06969849336242319	4235640	-0.0005424735322117347	-0.011185074007718083	0.011185074007718083	5prime
AGCAT	2129967	0.0760964469900181	2458778	0.07550907093091297	4588745	-0.0005873760591051241	-0.011178980821202162	0.011178980821202162	5prime
ATATA	2426690	0.08669734645945547	2801327	0.08602875051903085	5228017	-0.0006685959404246211	-0.011168824088149785	0.011168824088149785	5prime
CGCGA	212843	0.0076041535228932745	249528	0.007663004732940042	462371	5.8851210046767695e-05	0.011121080532625168	0.011121080532625168	5prime
GGTAA	3926521	0.14028118610837295	4603196	0.1413641464470948	8529717	0.00108296033872185	0.011094649438710795	0.011094649438710795	5prime
ATACC	471514	0.016845584981387687	544370	0.016717602379174162	1015884	-0.00012798260221352428	-0.011001920433926799	0.011001920433926799	5prime
TTCCC	532771	0.019034088396354933	624489	0.01917805682195583	1157260	0.00014396842560089607	0.010870504372067168	0.010870504372067168	5prime
ATACA	1912146	0.06831444652718804	2208150	0.06781228519862122	4120296	-0.0005021613285668275	-0.010643880030501006	0.010643880030501006	5prime
TTCCT	1017327	0.03634561949880638	1192243	0.03661378182734858	2209570	0.0002681623285421958	0.010605010226552598	0.010605010226552598	5prime
ACCTG	3907271	0.13959344934787016	4512388	0.13857543282061274	8419659	-0.0010180165272574149	-0.010559652691600675	0.010559652691600675	5prime
ACAAC	1795162	0.0641350077120889	2103727	0.06460545493016318	3898889	0.0004704472180742797	0.010543761173310453	0.010543761173310453	5prime
TTCTC	881614	0.03149705747396922	1033051	0.03172499560116878	1914665	0.00022793812719956036	0.010402579857178672	0.010402579857178672	5prime
GAATT	3298949	0.11786018173111282	3810284	0.1170138193943995	7109233	-0.0008463623367133133	-0.010397384365889712	0.010397384365889712	5prime
TCGTA	126311	0.004512660673032106	145911	0.004480926724006983	272222	-3.173394902512231e-05	-0.010178901896068696	0.010178901896068696	5prime
GGCAC	3267542	0.11673811687723692	3774701	0.11592106548537041	7042243	-0.0008170513918665107	-0.010132853490469676	0.010132853490469676	5prime
CCCTA	7471396	0.2669274639726499	8752421	0.26878684375173856	16223817	0.0018593797790886768	0.01001473623113229	0.01001473623113229	5prime
ACCCA	4088792	0.14607857477660924	4789817	0.14709527724710925	8878609	0.0010167024705000083	0.010006264036984807	0.010006264036984807	5prime
AGCCG	571827	0.020429425898598932	669832	0.020570540325232818	1241659	0.00014111442663388568	0.009930542658161004	0.009930542658161004	5prime
GGTTA	3452335	0.12334013969196897	3988875	0.12249834889914643	7441210	-0.0008417907928225388	-0.00988000109832019	0.00988000109832019	5prime
TTACG	168172	0.006008211246092227	194310	0.0059672599854829105	362482	-4.0951260609316253e-05	-0.009865256141116751	0.009865256141116751	5prime
TTCTG	1017095	0.03633733093109539	1191331	0.036585774307886065	2208426	0.000248443376790676	0.009830069169435914	0.009830069169435914	5prime
GCCCC	2352085	0.08403196458842635	2754831	0.08460085838643339	5106916	0.0005688937980070363	0.009733972618998875	0.009733972618998875	5prime
CACAC	4890505	0.17472104238559488	5727630	0.17589551392440678	10618135	0.0011744715388118943	0.00966526483927247	0.00966526483927247	5prime
CTCAG	3653053	0.13051110837220792	4278186	0.13138308953864025	7931239	0.000871981166432334	0.009606917268465295	0.009606917268465295	5prime
AATGA	3225317	0.11522956182725091	3777201	0.11599784048389704	7002518	0.0007682786566461236	0.009586980510513357	0.009586980510513357	5prime
GTGTA	1345148	0.04805754430736666	1575312	0.048377830591585895	2920460	0.00032028628421923444	0.009582947137275645	0.009582947137275645	5prime
GTGCG	260908	0.009321351829052582	305547	0.009383348189925103	566455	6.199636087252103e-05	0.009562581294916621	0.009562581294916621	5prime
ATGAA	1991330	0.07114342043075442	2331951	0.07161421383565877	4323281	0.00047079340490435717	0.009515487711956525	0.009515487711956525	5prime
TTTCC	1326057	0.0473754880738727	1532605	0.04706629864675537	2858662	-0.000309189427117329	-0.009446204187707806	0.009446204187707806	5prime
GACCC	1261540	0.04507051599193199	1458137	0.044779386410643274	2719677	-0.00029112958128871963	-0.009348999002982278	0.009348999002982278	5prime
ATGGA	1816208	0.06488690941918197	2126450	0.06530327824677132	3942658	0.00041636882758934457	0.009227823903560863	0.009227823903560863	5prime
CGAAT	1283142	0.04584228168026349	1483396	0.045555090285756814	2766538	-0.00028719139450667647	-0.009066385366071728	0.009066385366071728	5prime
CCGCG	309317	0.011050840080438535	357620	0.010982509989235749	666937	-6.833009120278677e-05	-0.008947423061983312	0.008947423061983312	5prime
ATAAA	3764903	0.13450712690011632	4407024	0.13533970444270926	8171927	0.0008325775425929438	0.008902460665212102	0.008902460665212102	5prime
CACAT	5278668	0.18858878078388294	6178523	0.18974243768867186	11457191	0.0011536569047889134	0.00879848859586917	0.00879848859586917	5prime
AGACT	1718271	0.0613879548678385	2010915	0.06175519846486216	3729186	0.0003672435970236629	0.008604838640432013	0.008604838640432013	5prime
AATAG	1617275	0.05777971269309876	1892650	0.05812328038456194	3509925	0.0003435676914631744	0.008552950882615241	0.008552950882615241	5prime
CATCA	5717837	0.20427878937470112	6612567	0.20307192867286694	12330404	-0.0012068607018341782	-0.008548547569486755	0.008548547569486755	5prime
GCATC	1816879	0.06491088195769093	2126226	0.06529639920690333	3943105	0.0003855172492124026	0.008542946306554581	0.008542946306554581	5prime
CTTAA	4758794	0.1700154581537724	5504174	0.16903318029610115	10262968	-0.0009822778576712432	-0.00835940829010383	0.00835940829010383	5prime
CTGCC	2016319	0.07203619206234946	2332205	0.07162201417550909	4348524	-0.0004141778868403667	-0.008318713366658667	0.008318713366658667	5prime
CCCTT	8599502	0.30723083882687124	9946851	0.3054677883477982	18546353	-0.0017630504790730472	-0.008302753711815098	0.008302753711815098	5prime
GTGAT	1306521	0.046677533510071006	1528707	0.04694659106905266	2835228	0.00026905755898165573	0.008291896655054191	0.008291896655054191	5prime
CGTAT	928483	0.03317152678451495	1086363	0.03336220708974922	2014846	0.00019068030523426704	0.008269068900466284	0.008269068900466284	5prime
AGCGA	623175	0.022263914583185804	720846	0.022137180235167586	1344021	-0.00012673434801821828	-0.008235440013169332	0.008235440013169332	5prime
CGACC	305314	0.010907826560838916	357207	0.010969826759479152	662521	6.200019864023576e-05	0.008176328684847372	0.008176328684847372	5prime
CACCT	3668460	0.13106154786670485	4291788	0.1318008069506239	7960248	0.0007392590839190583	0.008114666036232513	0.008114666036232513	5prime
TTACC	414059	0.014792914042442864	479001	0.014710120427699551	893060	-8.279361474331295e-05	-0.00809666913217296	0.00809666913217296	5prime
AGACA	3641296	0.13009107091281924	4259545	0.1308106244396264	7900841	0.0007195535268071651	0.007957717389674171	0.007957717389674171	5prime
TTTCA	3029571	0.108236225727439	3543752	0.1088286218314808	6573323	0.000592396104041798	0.007874523935423398	0.007874523935423398	5prime
CCTAA	8345611	0.2981601804444913	9657269	0.29657472529846407	18002880	-0.0015854551460272037	-0.00769191779756875	0.00769191779756875	5prime
AGAAT	3091166	0.11043680472812313	3577351	0.10986044710167915	6668517	-0.0005763576264439796	-0.007548915211540458	0.007548915211540458	5prime
CGATC	529315	0.018910617318729082	618989	0.019009151825197267	1148304	9.853450646818418e-05	0.007497306532280825	0.007497306532280825	5prime
GTTAG	1254425	0.04481632133993317	1466845	0.045046809085511196	2721270	0.00023048774557802437	0.007400517978564904	0.007400517978564904	5prime
CGATG	1223926	0.04372669622520202	1431171	0.043951260566535755	2655097	0.0002245643413337356	0.007390025767672841	0.007390025767672841	5prime
ATTAG	945467	0.033778307103495706	1094299	0.03360592164507212	2039766	-0.00017238545842358788	-0.00738133571580495	0.00738133571580495	5prime
ATTGG	724009	0.02586636905116183	846533	0.025997027931093635	1570542	0.00013065887993180675	0.007268866252178233	0.007268866252178233	5prime
AGCCA	3273393	0.1169471531258448	3826987	0.11752676851455553	7100380	0.0005796153887107219	0.007132586956601274	0.007132586956601274	5prime
GCCCT	3264444	0.11662743591702715	3816293	0.11719835578085808	7080737	0.0005709198638309265	0.007045055569181784	0.007045055569181784	5prime
CCAAT	5986997	0.2138949569828534	6998829	0.21493403446522244	12985826	0.001039077482369033	0.006991448354152976	0.006991448354152976	5prime
CCTGC	8789641	0.31402385596480586	10178116	0.3125699363615016	18967757	-0.0014539196033042656	-0.006695117942606969	0.006695117942606969	5prime
TCCGA	291040	0.010397865287102976	340117	0.010444992869551186	631157	4.712758244821043e-05	0.006523512400272782	0.006523512400272782	5prime
TTTAC	1151582	0.04114209216277013	1345624	0.04132411224695309	2497206	0.00018202008418296417	0.006368512594504912	0.006368512594504912	5prime
CTTAG	2615066	0.09342737762810346	3055464	0.09383329763925456	5670530	0.000405920011151098	0.006254526733306953	0.006254526733306953	5prime
GTTGG	1428285	0.051027745401284616	1668633	0.05124371844658693	3096918	0.00021597304530231176	0.006093148561833491	0.006093148561833491	5prime
CTATG	2471188	0.08828710803705823	2886957	0.0886584477685646	5358145	0.0003713397315063677	0.006055249230829053	0.006055249230829053	5prime
TTGTT	1239617	0.04428728206982796	1448043	0.0444693996765922	2687660	0.00018211760676423855	0.0059203343646092935	0.0059203343646092935	5prime
CCGCT	339938	0.012144823838534949	397080	0.012194326565979898	737018	4.950272744494964e-05	0.0058680412937257885	0.0058680412937257885	5prime
CGAAA	1214635	0.04339476052432766	1418805	0.04357150071382369	2633440	0.00017674018949602466	0.0058638069177677134	0.0058638069177677134	5prime
CCATA	8165240	0.29171614058845763	9537559	0.2928984312690155	17702799	0.0011822906805578626	0.0058352339265454415	0.0058352339265454415	5prime
AACTG	1846027	0.06595224045613952	2156185	0.06621644007924692	4002212	0.00026419962310739176	0.005767693594174061	0.005767693594174061	5prime
GGCCC	2083188	0.07442519307211887	2432932	0.07471534028614538	4516120	0.00029014721402650934	0.005613348056606334	0.005613348056606334	5prime
AACAT	2808798	0.10034876038580354	3255100	0.09996411908159859	6063898	-0.000384641304204944	-0.005540484916453159	0.005540484916453159	5prime
CCATC	5664145	0.20236055757496524	6564170	0.2015856568313898	12228315	-0.0007749007435754462	-0.005535099754841596	0.005535099754841596	5prime
CCTTG	8808096	0.31468319009026446	10285692	0.31587359525810144	19093788	0.001190405167836972	0.0054472119410956055	0.0054472119410956055	5prime
GCCGA	1231796	0.044007864448846544	1427624	0.04384233219862619	2659420	-0.00016553225022035434	-0.005436695910392234	0.005436695910392234	5prime
CTGTT	2417923	0.08638413148910078	2802326	0.08605942980844208	5220249	-0.00032470168065869276	-0.00543297321821059	0.00543297321821059	5prime
ATGCC	541252	0.01933708556341073	632020	0.019409333827517417	1173272	7.224826410668489e-05	0.005379952770576722	0.005379952770576722	5prime
ACGTC	85561	0.0030568023358638593	99897	0.0030678368111254507	185458	1.103447526159141e-05	0.005196780672108168	0.005196780672108168	5prime
CCTGT	10486496	0.37464669028911557	12243183	0.3759881427144492	22729679	0.0013414524253336224	0.0051564451323943975	0.0051564451323943975	5prime
TCCGC	295691	0.010564029633757441	345208	0.010601337476550792	640899	3.7307842793351045e-05	0.005085554120908959	0.005085554120908959	5prime
GAGCG	342756	0.012245501354955566	400144	0.012288422004174123	742900	4.29206492185575e-05	0.005047413136557618	0.005047413136557618	5prime
ACTAG	1664223	0.059457004403856435	1942835	0.05966446170498529	3607058	0.0002074573011288522	0.00502500358485339	0.00502500358485339	5prime
CCCCT	6080714	0.21724314534566067	7098670	0.21800015151638089	13179384	0.0007570061707202203	0.005018458131723763	0.005018458131723763	5prime
ATGAT	1053868	0.037651104639873	1230277	0.03778180594493314	2284145	0.00013070130506014077	0.004999338154608798	0.004999338154608798	5prime
GGATT	3507471	0.1253099606803888	4066363	0.12487800533347868	7573834	-0.0004319553469101234	-0.004981658265527871	0.004981658265527871	5prime
GTTGA	2104393	0.07518277530622076	2439731	0.07492413757213837	4544124	-0.0002586377340823981	-0.004971533514423943	0.004971533514423943	5prime
GATGC	1370730	0.048971501803843666	1589247	0.048805774433373264	2959977	-0.00016572737047040181	-0.004890489962074675	0.004890489962074675	5prime
CTGTC	1733237	0.06192263893836757	2023072	0.06212853992769741	3756309	0.00020590098932983525	0.0047891172433656756	0.0047891172433656756	5prime
AGTGC	1736610	0.06204314470944166	2026927	0.06224692697542545	3763537	0.00020378226598379012	0.004730726972384452	0.004730726972384452	5prime
TTCTT	1443979	0.051588438425665434	1685317	0.051756084076754166	3129296	0.00016764565108873253	0.004680597967768779	0.004680597967768779	5prime
CTGCT	2399314	0.08571929546955809	2800285	0.08599675069964496	5199599	0.000277455230086876	0.004662103276654079	0.004662103276654079	5prime
AGCTA	2476309	0.08847006387864445	2871816	0.08819346766748798	5348125	-0.00027659621115647126	-0.0045175117605041	0.0045175117605041	5prime
CACTA	3064643	0.10948922851519766	3554441	0.10915688101518121	6619084	-0.00033234750001644164	-0.004385827624320207	0.004385827624320207	5prime
CCATT	10976483	0.39215225247449126	12808018	0.3933342252315622	23784501	0.001181972757070937	0.004341826953657459	0.004341826953657459	5prime
CGTTC	823645	0.029426023070354353	960993	0.029512094463636344	1784638	8.607139328199037e-05	0.004213593922602759	0.004213593922602759	5prime
GGTCT	3641599	0.1301018960680625	4248327	0.13046611966623775	7889926	0.0003642235981752562	0.0040331879291970575	0.0040331879291970575	5prime
TCAGG	2451332	0.08757772096606896	2859734	0.08782242945460854	5311066	0.00024470848853958005	0.004025491718125123	0.004025491718125123	5prime
TCCGG	257756	0.009208741633254929	300675	0.00923372907279643	558431	2.498743954150104e-05	0.003908952199227122	0.003908952199227122	5prime
TTTTC	2099828	0.07501968344587297	2436257	0.07481745103418577	4536085	-0.00020223241168719486	-0.003894308060659819	0.003894308060659819	5prime
AGCAA	3633728	0.129820692117833	4216255	0.12948118856513946	7849983	-0.0003395035526935486	-0.0037778098069573243	0.0037778098069573243	5prime
GGATA	3893388	0.13909745716885405	4540775	0.1394471975738828	8434163	0.0003497404050287478	0.0036228689484833505	0.0036228689484833505	5prime
ATAAT	1996603	0.07133180671325474	2316962	0.07115390165449259	4313565	-0.0001779050587621539	-0.0036025967760604394	0.0036025967760604394	5prime
AAATA	6827802	0.24393404825114165	7962027	0.24451384447755925	14789829	0.0005797962264176004	0.003424996282700321	0.003424996282700321	5prime
ATGCA	1225826	0.043794576736628274	1429449	0.04389837794755062	2655275	0.00010380121092234268	0.0034153290280610317	0.0034153290280610317	5prime
CCGAT	253400	0.009053116629164012	295442	0.00907302364588051	548842	1.990701671649754e-05	0.003168528641580296	0.003168528641580296	5prime
GCTAC	2118969	0.07570352600861499	2459732	0.07553836827035074	4578701	-0.0001651577382642544	-0.0031508358840394786	0.0031508358840394786	5prime
CGTTA	867298	0.030985595683664914	1011178	0.03105327578405969	1878476	6.768010039477634e-05	0.003147659974124518	0.003147659974124518	5prime
CCTCG	2020489	0.07218517192163759	2345521	0.07203094852766126	4366010	-0.00015422339397633267	-0.003085568024309231	0.003085568024309231	5prime
GGTCC	1828315	0.06531945118330702	2122474	0.06518117528911459	3950789	-0.00013827589419243558	-0.0030572568058209733	0.0030572568058209733	5prime
AGATG	2884163	0.10304129446140319	3348498	0.10283237160655424	6232661	-0.0002089228548489419	-0.0029280980685334806	0.0029280980685334806	5prime
CCGGC	433372	0.01548290157779821	505176	0.015513954662273248	938548	3.105308447503771e-05	0.0028904386416819996	0.0028904386416819996	5prime
GGTAC	1813280	0.06478230197841563	2113640	0.06490988315432093	3926920	0.00012758117590530582	0.0028383815199071196	0.0028383815199071196	5prime
CGGAA	866976	0.030974091723307413	1010584	0.031035034044409764	1877560	6.09423211023509e-05	0.002835659299896969	0.002835659299896969	5prime
ATAAC	782859	0.027968878576127506	909023	0.027916095794265	1691882	-5.278278186250651e-05	-0.0027251244547390903	0.0027251244547390903	5prime
GATGT	2029246	0.07249802962614268	2364913	0.07262647683623255	4394159	0.00012844721008986593	0.0025537747158312523	0.0025537747158312523	5prime
ACAAT	3048342	0.10890684945374539	3540402	0.10872574333345512	6588744	-0.00018110612029026418	-0.002401097716886739	0.002401097716886739	5prime
CTACC	921769	0.03293165849308557	1074060	0.03298438196700002	1995829	5.272347391445387e-05	0.002307832879865633	0.002307832879865633	5prime
GGTAT	2937280	0.10493898347478639	3411678	0.10477262936931894	6348958	-0.00016635410546744778	-0.002288819405408602	0.002288819405408602	5prime
CCCCC	3736518	0.13349302778599312	4353207	0.13368698440442645	8089725	0.00019395661843332745	0.0020946043367263472	0.0020946043367263472	5prime
GGCGT	1346042	0.048089483874321964	1563677	0.04802051974844301	2909719	-6.896412587895778e-05	-0.0020703807168687767	0.0020703807168687767	5prime
AGAGA	6150636	0.2197412196193166	7145246	0.21943050044893123	13295882	-0.0003107191703853873	-0.002041438549426758	0.002041438549426758	5prime
ATGCT	761742	0.027214440281502182	887383	0.027251531407018584	1649125	3.709112551640234e-05	0.0019648681401594173	0.0019648681401594173	5prime
ATGTA	1348572	0.04817987213427376	1566939	0.04812069576652054	2915511	-5.917636775321783e-05	-0.0017730256814903213	0.0017730256814903213	5prime
ATACG	206392	0.0073736813233086776	239815	0.007364718508664423	446207	-8.962814644254344e-06	-0.0017544449242392404	0.0017544449242392404	5prime
CCCGC	2078720	0.07426556669051229	2415443	0.07417825310645257	4494163	-8.731358405972278e-05	-0.0016971429633257206	0.0016971429633257206	5prime
ATCAG	869539	0.031065658960562927	1010399	0.031029352694518796	1879938	-3.630626604413101e-05	-0.0016870015012762731	0.0016870015012762731	5prime
CTATA	3363387	0.12016233141284159	3917162	0.12029604271141067	7280549	0.00013371129856908082	0.0016044610089414	0.0016044610089414	5prime
CAATA	5846091	0.2088608668023128	6793545	0.2086297629462071	12639636	-0.00023110385610569661	-0.0015972134472867477	0.0015972134472867477	5prime
GACTA	1856619	0.06633065644404837	2162285	0.06640377107565186	4018904	7.311463160349085e-05	0.0015893470853462863	0.0015893470853462863	5prime
CGATT	813603	0.029067256704174142	945476	0.029035567402781327	1759079	-3.1689301392814895e-05	-0.0015736387883146946	0.0015736387883146946	5prime
CATGT	4455751	0.15918876666738033	5178175	0.15902175119822948	9633926	-0.00016701546915084964	-0.0015144118957804427	0.0015144118957804427	5prime
CGATA	743793	0.02657318380803389	865953	0.02659341611964841	1609746	2.023231161452088e-05	0.0010979810294266658	0.0010979810294266658	5prime
TTACA	1772043	0.06330904479437129	2062755	0.06334720483431013	3834798	3.816003993883932e-05	0.0008693204304819472	0.0008693204304819472	5prime
CATTG	4606559	0.16457662149220656	5356099	0.1644857971333695	9962658	-9.082435883706053e-05	-0.0007963902992659308	0.0007963902992659308	5prime
TTTCT	2552250	0.09118317646718173	2970776	0.09123252920916566	5523026	4.935274198393513e-05	0.0007806364802992305	0.0007806364802992305	5prime
ACCAA	4628231	0.16535088804148534	5381366	0.16526174668847834	10009597	-8.914135300699955e-05	-0.0007779679271774247	0.0007779679271774247	5prime
GCTCA	4930725	0.17615796563273373	5733086	0.17606306768119126	10663811	-9.489795154246639e-05	-0.000777398377984904	0.000777398377984904	5prime
AACAA	4334145	0.1548441995765906	5040238	0.154785706009523	9374383	-5.849356706760789e-05	-0.0005450884008641339	0.0005450884008641339	5prime
CAATT	4313408	0.15410333738425053	5016276	0.15404983300364505	9329684	-5.350438060547358e-05	-0.0005009846516211677	0.0005009846516211677	5prime
CTGCA	4312196	0.15406003676327756	5015237	0.1540179253142574	9327433	-4.2111449020165725e-05	-0.0003944039634043617	0.0003944039634043617	5prime
ACTGA	4106972	0.14672808409120355	4776609	0.1466896595748934	8883581	-3.8424516310142653e-05	-0.00037785364238586563	0.00037785364238586563	5prime
CCGCA	582662	0.02081652344665336	678015	0.020821840250410145	1260677	5.316803756785088e-06	0.00036841784143789826	0.00036841784143789826	5prime
GCATT	3581150	0.1279422597337439	4165451	0.12792099775508092	7746601	-2.126197866297863e-05	-0.00023977113226100703	0.00023977113226100703	5prime
TTTTG	2758487	0.09855132016982143	3209604	0.09856693694841177	5968091	1.561677859034105e-05	0.00022859394973869649	0.00022859394973869649	5prime
